index,Last (Price),Change,Bid / Ask,Volume,Volume (4w avg),Turnover,Open,Day Range,VWAP,Prev Close,Last Trade,1 Week,1 Month,2023 YTD,1 Year,vs Sector (1yr),vs ASX 200 (1yr),Market Cap,ASX Rank,Sector Rank,Shares Issued,Sector,Similar Companies,EPS,DPS,Book Value Per Share,Breakdown,Recommendation,Last Updated,Ticker
Value,$31.26,"1.02
(3.37%)","$29.88
-
$31.35","160,245","245,483","$4,999,714",$31.07,$30.56 - $31.45,$31.20,$30.24,6:58pm 03/11 (AEDT),+3.30%,+1.20%,+21.78%,+11.96%,+5.78%,+10.21%,"$2,570,210,986","152 of 2,408",14 of 150,"82,220,441",Consumer Cyclical,CTD / WEB / SUL,$1.079,$0.62,$0.60,"6 Buy
· 5 Hold
· 2 Sell",Hold,01/10/23,ARB
Value,$11.08,"0.17
(1.56%)","$10.77
-
$11.35","366,353","441,797","$4,045,735",$10.95,$10.725 - $11.10,$11.045,$10.91,6:58pm 03/11 (AEDT),+2.59%,-4.24%,+46.17%,+37.98%,+31.80%,+36.23%,"$1,561,113,232","234 of 2,408",23 of 150,"140,894,696",Consumer Cyclical,SGR / LNW / SKC,$0.693,$0.39,$0.526,"11 Buy
· 2 Hold
· 0 Sell",Strong Buy,01/10/23,GUD
Value,$10.12,"0.07
(0.70%)","$9.96
-
$10.92","37,398","127,350","$378,557",$10.16,$10.06 - $10.22,$10.12,$10.05,6:58pm 03/11 (AEDT),-0.88%,-8.08%,-6.04%,-3.98%,-10.17%,-5.74%,"$1,016,899,406","295 of 2,408",28 of 150,"100,484,131",Consumer Cyclical,BGP / CTT / AX1,$0.217,$0.125,$0.722,"7 Buy
· 4 Hold
· 1 Sell",Buy,01/10/23,PWH
Value,$16.10,"0.65
(-3.88%)","$16.15
-
$17.10","5,570",758,"$90,352",$16.75,$16.01 - $16.75,$16.22,$16.75,6:58pm 03/11 (AEDT),-3.88%,-5.35%,-11.05%,-10.26%,-16.44%,-12.01%,"$218,469,868","672 of 2,408",58 of 150,"13,569,557",Consumer Cyclical,NDO / ALG / BST,$1.811,$0.90,$3.324,,,,SFC
Value,$0.89,"0.00
(0.00)","$0.845
-
$0.90",0,"11,146",$0,‐,‐ - ‐,‐,$0.89,6:58pm 03/11 (AEDT),+3.49%,-6.32%,-19.09%,-34.07%,-40.26%,-35.83%,"$72,343,803","1,034 of 2,408",88 of 150,"81,285,172",Consumer Cyclical,ISU / KED / CCX,$0.084,$0.0233,$0.986,,,,AHL
Value,$0.155,"0.005
(3.33%)","$0.145
-
$0.155","82,262","432,421","$12,513",$0.155,$0.145 - $0.155,$0.152,$0.15,6:58pm 03/11 (AEDT),0.00,-32.61%,-60.76%,-62.65%,-68.84%,-64.41%,"$44,987,245","1,217 of 2,408",96 of 150,"290,240,290",Consumer Cyclical,DNA / BBT / MFD,$0.025,$0.00,$0.202,,,,VMT
Value,$0.081,"0.0005
(0.62%)","$0.078
-
$0.085","92,000","26,007","$7,490",$0.081,$0.081 - $0.082,$0.0815,$0.0805,6:58pm 03/11 (AEDT),+1.25%,-6.90%,-49.38%,-59.50%,-65.69%,-61.25%,"$15,831,293","1,653 of 2,408",122 of 150,"195,448,061",Consumer Cyclical,XRG / ABV / CLU,$0.01,$0.00,$0.031,,,,RPM
Value,$0.044,"0.002
(4.76%)","$0.043
-
$0.046","231,792","154,298","$10,160",$0.042,$0.042 - $0.045,$0.044,$0.042,6:58pm 03/11 (AEDT),-2.22%,0.00,+10.00%,+37.50%,+31.32%,+35.75%,"$16,696,546","1,626 of 2,408",120 of 150,"379,466,944",Consumer Cyclical,XRG / RPM / UCW,$0.004,$0.00,$0.017,,,,ABV
Value,$0.004,"0.00
(0.00)","$0.004
-
$0.005","286,645","1,241,239","$1,147",$0.004,$0.004 - $0.004,$0.004,$0.004,6:58pm 03/11 (AEDT),0.00,+33.33%,-42.86%,-20.00%,-26.19%,-21.75%,"$4,843,811","2,143 of 2,408",133 of 150,"1,210,952,783",Consumer Cyclical,MHI / SIX / AUA,$0.00,$0.00,$0.008,,,,DDT
Value,$0.014,"0.00
(0.00)","$0.012
-
$0.014",176,"555,355",$2,$0.014,$0.014 - $0.014,$0.014,$0.014,6:58pm 03/11 (AEDT),-6.67%,-22.22%,-54.84%,-26.32%,-32.50%,-28.07%,"$4,745,972","2,151 of 2,408",135 of 150,"338,998,012",Consumer Cyclical,AUA / MHI / DDT,-$0.02,$0.00,$0.003,,,,SIX
Value,$99.93,"1.50
(1.52%)","$99.75
-
$99.95","2,507,791","1,993,484","$250,439,945",$99.60,$99.20 - $99.99,$99.845,$98.43,6:58pm 03/11 (AEDT),+3.02%,+0.08%,-2.60%,-4.37%,-0.86%,-6.13%,"$167,435,476,166","2 of 2,408",1 of 573,"1,675,527,631",Financial Services,NAB / ANZ / WBC,$5.893,$4.50,$38.582,"0 Buy
· 5 Hold
· 15 Sell",Strong Sell,01/10/23,CBA
Value,$29.06,"0.49
(1.72%)","$28.92
-
$29.10","4,699,140","4,334,055","$136,415,820",$28.95,$28.78 - $29.13,$29.025,$28.57,6:58pm 03/11 (AEDT),+3.05%,+0.35%,-3.33%,-9.61%,-6.09%,-11.37%,"$90,927,255,819","4 of 2,408",2 of 573,"3,128,948,927",Financial Services,ANZ / WBC / MQG,$2.268,$1.61,$17.372,"9 Buy
· 5 Hold
· 4 Sell",Hold,01/10/23,NAB
Value,$25.60,"0.23
(0.91%)","$25.59
-
$25.63","5,813,929","5,496,181","$148,785,898",$25.73,$25.56 - $25.75,$25.635,$25.37,6:58pm 03/11 (AEDT),+3.27%,+0.43%,+11.26%,-0.31%,+3.21%,-2.07%,"$76,935,344,282","5 of 2,408",3 of 573,"3,005,286,886",Financial Services,WBC / MQG / NAB,$2.297,$1.55,$20.682,"12 Buy
· 4 Hold
· 2 Sell",Buy,01/10/23,ANZ
Value,$21.50,"0.33
(1.56%)","$21.44
-
$21.50","7,177,724","6,695,917","$154,169,117",$21.46,$21.39 - $21.58,$21.485,$21.17,6:58pm 03/11 (AEDT),+4.52%,+1.75%,-7.92%,-10.08%,-6.56%,-11.83%,"$75,445,154,640","6 of 2,408",4 of 573,"3,509,076,960",Financial Services,ANZ / MQG / NAB,$1.744,$1.34,$17.161,"3 Buy
· 6 Hold
· 10 Sell",Sell,01/10/23,WBC
Value,$9.09,"0.20
(2.25%)","$9.05
-
$9.10","1,285,689","1,174,747","$11,645,116",$8.96,$8.93 - $9.10,$9.055,$8.89,6:58pm 03/11 (AEDT),+4.72%,+1.79%,-7.34%,+1.11%,+4.63%,-0.64%,"$5,160,947,181","94 of 2,408",19 of 573,"567,760,966",Financial Services,SDF / STW / MLT,$0.792,$0.61,$8.851,"7 Buy
· 8 Hold
· 2 Sell",Hold,01/10/23,BEN
Value,$3.01,"0.13
(4.51%)","$2.98
-
$3.02","10,515,183","1,510,611","$31,555,235",$2.96,$2.94 - $3.015,$2.985,$2.88,6:58pm 03/11 (AEDT),+7.89%,-5.35%,-8.23%,+24.38%,+27.90%,+22.63%,"$2,023,808,193","183 of 2,408",49 of 573,"672,361,526",Financial Services,IAF / VDHG / PDL,$0.337,$0.1922,$4.533,"13 Buy
· 8 Hold
· 3 Sell",Buy,01/10/23,VUK
Value,$5.45,"0.19
(3.61%)","$5.42
-
$5.45","2,691,645","3,507,998","$14,564,520",$5.30,$5.30 - $5.45,$5.41,$5.26,6:58pm 03/11 (AEDT),+4.41%,-4.72%,-21.01%,-24.93%,-21.41%,-26.69%,"$3,581,834,999","116 of 2,408",26 of 573,"657,217,431",Financial Services,NHF / VTS / NDQ,$0.183,$0.44,$7.734,"2 Buy
· 6 Hold
· 12 Sell",Sell,01/10/23,BOQ
Value,$5.31,"0.21
(4.12%)","$5.10
-
$5.35","22,533","7,803","$116,762",$5.10,$5.10 - $5.35,$5.18,$5.10,6:58pm 03/11 (AEDT),+3.11%,+3.11%,+8.37%,+9.94%,-,+8.18%,"$2,480,938,088","157 of 2,408",43 of 573,"467,219,979",Financial Services,VGAD / MGF / ETHI,$2.38,$0.6258,$7.958,,,,BFL
Value,$1.415,"0.00
(0.00)","$1.385
-
$1.63",0,928,$0,‐,‐ - ‐,‐,$1.415,6:58pm 03/11 (AEDT),-5.35%,-12.92%,-17.25%,-14.24%,-10.72%,-16.00%,"$1,012,100,357","296 of 2,408",78 of 573,"715,265,270",Financial Services,VGB / DUI / JDO,$0.14,$0.1063,$1.121,"6 Buy
· 2 Hold
· 0 Sell",Strong Buy,01/10/23,HGH
Value,$0.885,"0.005
(0.57%)","$0.88
-
$0.90","981,281","1,347,745","$871,677",$0.88,$0.88 - $0.90,$0.8885,$0.88,6:58pm 03/11 (AEDT),+4.12%,-11.94%,-33.21%,-30.31%,-,-32.07%,"$981,731,237","301 of 2,408",80 of 573,"1,109,300,833",Financial Services,GMA / VGB / HGH,$0.064,$0.00,$1.297,"5 Buy
· 7 Hold
· 0 Sell",Buy,01/10/23,JDO
Value,$18.37,"0.48
(2.68%)","$17.87
-
$18.88","361,462","335,891","$6,634,489",$18.51,$18.10 - $18.51,$18.355,$17.89,6:58pm 03/11 (AEDT),+4.67%,-1.71%,+29.82%,+22.96%,+21.70%,+21.21%,"$11,866,729,405","40 of 2,408",5 of 197,"645,984,181",Industrials,SVW / AIA / QAN,$0.60,$0.25,$2.484,"0 Buy
· 5 Hold
· 12 Sell",Strong Sell,01/10/23,REH
Value,$29.25,"0.61
(2.13%)","$28.75
-
$29.42","814,627","800,978","$23,798,301",$29.15,$28.78 - $29.42,$29.215,$28.64,6:58pm 03/11 (AEDT),+8.78%,-5.09%,+39.48%,+55.92%,+54.66%,+54.16%,"$10,634,878,420","47 of 2,408",6 of 197,"363,585,587",Industrials,AIA / REH / QAN,$1.677,$0.46,$4.643,"10 Buy
· 4 Hold
· 0 Sell",Strong Buy,01/10/23,SVW
Value,$16.76,"0.06
(0.36%)","$16.40
-
$16.98","672,166","1,063,968","$11,276,621",$16.96,$16.71 - $16.96,$16.775,$16.70,6:58pm 03/11 (AEDT),+1.64%,-4.23%,+11.73%,+15.59%,+14.33%,+13.83%,"$8,828,352,743","57 of 2,408",9 of 197,"526,751,357",Industrials,QAN / ALX / IFT,$0.07,$0.50,-$0.876,"9 Buy
· 3 Hold
· 1 Sell",Buy,01/10/23,WOR
Value,$9.54,"0.29
(3.14%)","$9.02
-
‐","18,508","44,060","$174,664",$9.35,$9.32 - $9.54,$9.435,$9.25,6:58pm 03/11 (AEDT),+4.03%,+1.49%,+21.22%,+22.46%,+21.20%,+20.71%,"$7,936,230,476","65 of 2,408",11 of 197,"831,889,987",Industrials,ALX / WOR / QAN,$0.432,$0.1782,$3.058,"6 Buy
· 5 Hold
· 0 Sell",Buy,01/10/23,IFT
Value,$4.09,"0.07
(1.74%)","$4.08
-
$4.12","1,123,367","807,510","$4,591,552",$4.04,$4.03 - $4.115,$4.085,$4.02,6:58pm 03/11 (AEDT),+1.74%,-6.41%,-8.09%,-11.85%,-13.11%,-13.61%,"$3,202,648,308","129 of 2,408",17 of 197,"783,043,596",Industrials,RWC / DOW / VNT,$0.284,$0.3162,$3.061,"10 Buy
· 3 Hold
· 1 Sell",Buy,01/10/23,FBU
Value,$3.70,"0.10
(2.78%)","$3.68
-
$3.72","1,857,807","3,131,867","$6,864,044",$3.66,$3.66 - $3.71,$3.695,$3.60,6:58pm 03/11 (AEDT),+6.63%,-4.39%,+25.00%,+19.74%,+18.48%,+17.99%,"$2,923,350,631","140 of 2,408",18 of 197,"790,094,765",Industrials,FBU / DOW / VNT,$0.177,$0.1424,$0.157,"13 Buy
· 7 Hold
· 0 Sell",Buy,01/10/23,RWC
Value,$2.76,"0.01
(0.36%)","$2.75
-
$2.77","73,844,197","2,949,504","$200,600,620",$2.75,$2.72 - $2.78,$2.755,$2.75,6:58pm 03/11 (AEDT),-0.72%,-2.82%,+14.52%,+3.76%,+2.50%,+2.01%,"$2,361,137,068","165 of 2,408",20 of 197,"855,484,445",Industrials,BIN / DOW / AIZ,$0.202,$0.1659,-$0.762,"9 Buy
· 1 Hold
· 0 Sell",Strong Buy,01/10/23,VNT
Value,$6.41,"0.06
(0.95%)","$6.32
-
$6.46","649,066","557,056","$4,153,817",$6.40,$6.34 - $6.46,$6.40,$6.35,6:58pm 03/11 (AEDT),+11.48%,-1.99%,+3.55%,-4.04%,-5.30%,-5.80%,"$1,771,182,592","202 of 2,408",24 of 197,"276,315,537",Industrials,IPH / KLS / APM,$0.179,$0.09,$0.274,"11 Buy
· 3 Hold
· 1 Sell",Buy,01/10/23,JLG
Value,$14.23,"0.01
(-0.07%)","$13.80
-
$14.39","163,650","202,748","$2,333,920",$14.30,$14.14 - $14.40,$14.26,$14.24,6:58pm 03/11 (AEDT),+0.99%,+1.86%,+6.51%,+1.43%,+0.17%,-0.33%,"$1,379,084,527","250 of 2,408",28 of 197,"96,913,881",Industrials,MAD / DBI / RDX,$0.55,$0.49,$0.617,"9 Buy
· 4 Hold
· 1 Sell",Buy,01/10/23,MND
Value,$2.34,"0.00
(0.00)","$2.29
-
$2.34","20,499","276,203","$47,788",$2.31,$2.29 - $2.34,$2.33,$2.34,6:58pm 03/11 (AEDT),-2.90%,+7.34%,-8.24%,-8.24%,-9.50%,-9.99%,"$1,228,690,542","263 of 2,408",31 of 197,"525,081,428",Industrials,MMS / SIQ / NWH,$38.768,$0.00,$0.447,"5 Buy
· 1 Hold
· 0 Sell",Strong Buy,01/10/23,RDX
Value,$0.285,"0.025
(9.62%)","$0.27
-
$0.285","110,064","191,029","$30,873",$0.265,$0.265 - $0.29,$0.2805,$0.26,6:58pm 03/11 (AEDT),-1.72%,-5.00%,+83.87%,+54.05%,-,+52.30%,"$14,793,759","1,687 of 2,408",581 of 978,"51,907,925",Basic Materials,ADV / ASE / MRZ,-$0.044,$0.00,$0.123,,,,SLB
Value,$0.115,"0.005
(-4.17%)","$0.11
-
$0.12","235,426","99,197","$27,978",$0.12,$0.115 - $0.12,$0.119,$0.12,6:58pm 03/11 (AEDT),-4.17%,+15.00%,-28.13%,-42.50%,-,-44.25%,"$15,394,552","1,668 of 2,408",570 of 978,"133,865,666",Basic Materials,SGA / MMA / AII,-$0.067,$0.00,$0.034,,,,TRE
Value,$0.043,"0.00
(0.00)","$0.039
-
$0.043","66,652","67,243","$2,866",$0.043,$0.043 - $0.043,$0.043,$0.043,6:58pm 03/11 (AEDT),-4.44%,-6.52%,-50.58%,-47.67%,-,-49.42%,"$8,402,873","1,938 of 2,408",162 of 197,"195,415,646",Industrials,14D / TTI / 1CG,-$0.107,$0.00,$0.048,,,,OXT
Value,$0.09,"0.00
(0.00)","$0.093
-
$0.115",0,"16,786",$0,‐,‐ - ‐,‐,$0.09,6:58pm 03/11 (AEDT),-25.00%,-43.75%,-75.00%,-79.55%,-,-81.30%,"$3,275,392","2,269 of 2,408",917 of 978,"36,393,239",Basic Materials,CRS / GNM / CBY,-$0.116,$0.00,$0.123,,,,S3N
Value,$0.079,"0.01
(-11.24%)","$0.079
-
$0.095","35,572","129,659","$2,983",$0.086,$0.079 - $0.086,$0.084,$0.089,6:58pm 03/11 (AEDT),+12.86%,-13.19%,-31.30%,-53.53%,-,-55.28%,"$4,778,546","2,148 of 2,408",850 of 978,"60,487,930",Basic Materials,THR / BOA / SNX,$0.00,$0.00,$0.00,,,,HRE
Value,$0.063,"0.001
(-1.56%)","$0.063
-
$0.066","265,082","109,818","$16,917",$0.064,$0.063 - $0.064,$0.064,$0.064,6:58pm 03/11 (AEDT),+14.55%,+26.00%,-51.35%,-59.93%,-,-61.69%,"$3,753,229","2,233 of 2,408",897 of 978,"59,575,058",Basic Materials,ACS / OM1 / KAL,-$0.081,$0.00,$0.077,,,,KLI
Value,$0.10,"0.011
(12.36%)","$0.096
-
$0.10","193,111","56,492","$18,534",$0.094,$0.094 - $0.10,$0.096,$0.089,6:58pm 03/11 (AEDT),+7.53%,-23.08%,-50.00%,-50.00%,-63.87%,-51.75%,"$3,856,249","2,220 of 2,408",890 of 978,"38,562,492",Basic Materials,ENV / NCR / ADG,$0.00,$0.00,$0.00,,,,DY6
Value,$13.45,"0.14
(1.05%)","$13.40
-
$13.47","4,749,010","3,860,511","$63,655,591",$13.26,$13.11 - $13.50,$13.415,$13.31,6:58pm 03/11 (AEDT),-3.79%,-6.08%,+11.43%,+15.06%,+13.80%,+13.30%,"$18,714,442,617","24 of 2,408",3 of 197,"1,391,408,373",Industrials,CPU / SYD / REH,$0.464,$0.395,$1.145,"12 Buy
· 5 Hold
· 2 Sell",Buy,01/10/23,BXB
Value,$25.13,"0.35
(1.41%)","$24.79
-
$25.30","1,529,083","1,430,562","$38,417,867",$25.04,$24.98 - $25.20,$25.125,$24.78,6:58pm 03/11 (AEDT),+1.82%,-2.63%,-4.08%,-3.12%,-4.38%,-4.88%,"$15,171,718,214","29 of 2,408",4 of 197,"603,729,336",Industrials,REH / BXB / SVW,$0.735,$0.70,-$1.908,"11 Buy
· 3 Hold
· 0 Sell",Strong Buy,01/10/23,CPU
Value,$10.94,"0.17
(1.58%)","$10.68
-
$11.00","1,181,048","751,589","$12,910,551",$10.91,$10.87 - $10.99,$10.94,$10.77,6:58pm 03/11 (AEDT),+1.30%,-3.61%,-10.55%,-3.70%,-4.96%,-5.45%,"$5,296,794,463","93 of 2,408",15 of 197,"484,167,684",Industrials,CWY / QUB / AZJ,$0.566,$0.397,-$0.097,"8 Buy
· 5 Hold
· 0 Sell",Buy,01/10/23,ALQ
Value,$2.39,"0.09
(3.91%)","$2.35
-
$2.40","5,042,306","4,298,610","$11,977,377",$2.32,$2.30 - $2.40,$2.375,$2.30,6:58pm 03/11 (AEDT),+4.37%,-1.24%,-9.13%,-12.45%,-13.72%,-14.21%,"$5,325,958,414","92 of 2,408",14 of 197,"2,228,434,483",Industrials,ALQ / QUB / AZJ,$0.01,$0.049,-$0.059,"8 Buy
· 7 Hold
· 2 Sell",Buy,01/10/23,CWY
Value,$3.78,"0.01
(0.27%)","$3.76
-
$3.80","2,061,252","1,366,844","$7,811,335",$3.82,$3.75 - $3.845,$3.79,$3.77,6:58pm 03/11 (AEDT),+2.16%,-6.90%,+1.89%,-21.41%,-22.68%,-23.17%,"$2,538,548,507","154 of 2,408",19 of 197,"671,573,679",Industrials,VNT / BIN / RWC,-$0.59,$0.13,$0.163,"5 Buy
· 5 Hold
· 0 Sell",Buy,01/10/23,DOW
Value,$2.09,"0.01
(-0.48%)","$2.07
-
$2.11","1,139,385","1,143,498","$2,390,561",$2.10,$2.08 - $2.13,$2.095,$2.10,6:58pm 03/11 (AEDT),+6.09%,+11.47%,-12.18%,-37.43%,-38.69%,-39.18%,"$1,916,910,267","189 of 2,408",23 of 197,"917,181,946",Industrials,JLG / AIZ / IPH,$0.117,$0.10,-$0.773,"7 Buy
· 1 Hold
· 0 Sell",Strong Buy,01/10/23,APM
Value,$7.10,"0.18
(2.60%)","$6.80
-
$7.15","1,032,860","589,916","$7,327,336",$7.08,$6.96 - $7.13,$7.09,$6.92,6:58pm 03/11 (AEDT),+2.75%,-4.05%,-18.67%,-27.03%,-28.29%,-28.78%,"$1,704,155,050","216 of 2,408",25 of 197,"240,021,838",Industrials,KLS / JLG / SLK,$0.284,$0.33,-$1.117,"8 Buy
· 5 Hold
· 1 Sell",Buy,01/10/23,IPH
Value,$6.83,"0.09
(1.34%)","$6.75
-
$6.90","331,916","171,289","$2,264,894",$6.80,$6.77 - $7.13,$6.87,$6.74,6:58pm 03/11 (AEDT),+13.83%,+2.55%,+88.15%,+89.72%,+88.46%,+87.97%,"$1,366,000,000","252 of 2,408",29 of 197,"200,000,000",Industrials,MND / DBI / RDX,$0.182,$0.058,$0.598,"1 Buy
· 5 Hold
· 5 Sell",Sell,01/10/23,MAD
Value,$17.60,"0.14
(0.80%)","$17.57
-
$18.06","321,679","237,302","$5,710,750",$17.57,$17.57 - $18.03,$17.755,$17.46,6:58pm 03/11 (AEDT),+7.19%,+10.00%,+30.95%,+31.93%,+30.67%,+30.18%,"$1,225,717,222","264 of 2,408",32 of 197,"69,643,024",Industrials,RDX / SIQ / NWH,$0.89,$1.98,$1.148,"5 Buy
· 4 Hold
· 1 Sell",Buy,01/10/23,MMS
Value,$8.94,"0.01
(-0.11%)","$8.80
-
$8.95","447,619","455,704","$3,993,171",$8.97,$8.835 - $9.04,$8.92,$8.95,6:58pm 03/11 (AEDT),+5.05%,+8.63%,+75.29%,+87.82%,+86.55%,+86.06%,"$1,187,559,821","272 of 2,408",33 of 197,"132,836,669",Industrials,NWH / MMS / RDX,$0.438,$0.445,-$0.366,"7 Buy
· 3 Hold
· 1 Sell",Buy,01/10/23,SIQ
Value,$52.32,"0.89
(1.73%)","$52.00
-
$52.35","1,362,196","1,474,727","$71,096,006",$52.10,$51.86 - $52.355,$52.23,$51.43,6:58pm 03/11 (AEDT),+3.87%,-0.44%,+13.96%,+16.19%,+10.00%,+14.44%,"$59,330,483,885","10 of 2,408",1 of 150,"1,133,992,429",Consumer Cyclical,ALL / TLC / CWN,$2.176,$1.91,$3.163,"10 Buy
· 6 Hold
· 3 Sell",Buy,01/10/23,WES
Value,$46.58,"0.71
(1.55%)","$46.20
-
$46.59","454,810","382,298","$21,116,905",$46.40,$46.19 - $46.58,$46.43,$45.87,6:58pm 03/11 (AEDT),+5.82%,+3.17%,+11.04%,+9.42%,+3.24%,+7.67%,"$5,092,776,835","97 of 2,408",6 of 150,"109,333,981",Consumer Cyclical,DMP / HVN / FLT,$4.779,$3.12,$3.551,"3 Buy
· 6 Hold
· 10 Sell",Sell,01/10/23,JBH
Value,$3.69,"0.02
(0.55%)","$3.68
-
$3.72","1,673,253","2,803,172","$6,193,601",$3.70,$3.67 - $3.725,$3.70,$3.67,6:58pm 03/11 (AEDT),+3.94%,-3.66%,-10.65%,-9.78%,-15.97%,-11.53%,"$4,597,764,553","101 of 2,408",8 of 150,"1,246,006,654",Consumer Cyclical,DMP / FLT / JBH,$0.432,$0.305,$3.51,"2 Buy
· 7 Hold
· 9 Sell",Sell,01/10/23,HVN
Value,$23.52,"0.22
(0.94%)","$23.50
-
$23.58","190,239","229,196","$4,482,301",$23.62,$23.46 - $23.72,$23.56,$23.30,6:58pm 03/11 (AEDT),+4.49%,-2.85%,-5.31%,-4.93%,-11.12%,-6.69%,"$3,750,470,270","114 of 2,408",10 of 150,"159,458,770",Consumer Cyclical,APE / FLT / BRG,$1.686,$1.49,$5.763,"9 Buy
· 5 Hold
· 3 Sell",Buy,01/10/23,PMV
Value,$13.21,"0.02
(-0.15%)","$13.10
-
$13.54","315,396","371,873","$4,182,371",$13.50,$13.14 - $13.51,$13.26,$13.23,6:58pm 03/11 (AEDT),+0.53%,-5.03%,+21.75%,+7.31%,+1.13%,+5.56%,"$3,393,654,416","123 of 2,408",11 of 150,"256,900,410",Consumer Cyclical,BRG / PMV / SUL,$1.083,$0.73,$1.359,"11 Buy
· 6 Hold
· 2 Sell",Buy,01/10/23,APE
Value,$13.31,"0.01
(0.08%)","$13.20
-
$13.34","774,318","868,298","$10,311,787",$13.40,$13.23 - $13.40,$13.32,$13.30,6:58pm 03/11 (AEDT),+4.31%,+12.61%,+24.28%,+31.26%,+25.08%,+29.51%,"$3,005,750,715","134 of 2,408",13 of 150,"225,826,500",Consumer Cyclical,BRG / APE / ARB,$1.154,$1.03,$2.308,"3 Buy
· 9 Hold
· 8 Sell",Sell,01/10/23,SUL
Value,$18.48,"0.08
(0.44%)","$18.40
-
$18.80","337,637","270,259","$6,256,288",$18.69,$18.305 - $18.85,$18.53,$18.40,6:58pm 03/11 (AEDT),+5.78%,-2.84%,-20.03%,-23.73%,-29.92%,-25.49%,"$2,027,119,969","182 of 2,408",17 of 150,"109,692,639",Consumer Cyclical,BAP / TAH / IVC,$0.619,$0.69,$0.69,"12 Buy
· 3 Hold
· 2 Sell",Buy,01/10/23,LOV
Value,$5.54,"0.07
(-1.25%)","$5.53
-
$5.60","759,049","1,176,056","$4,248,839",$5.72,$5.54 - $5.72,$5.60,$5.61,6:58pm 03/11 (AEDT),+2.40%,-18.17%,-14.24%,-17.56%,-23.75%,-19.31%,"$1,880,345,250","191 of 2,408",18 of 150,"339,412,500",Consumer Cyclical,TAH / IVC / LOV,$0.362,$0.22,$0.959,"7 Buy
· 4 Hold
· 1 Sell",Buy,01/10/23,BAP
Value,$1.955,"0.02
(1.03%)","$1.945
-
$1.96","1,673,098","825,084","$3,260,834",$1.935,$1.935 - $1.975,$1.953,$1.935,6:58pm 03/11 (AEDT),+8.01%,+0.51%,+16.37%,+26.54%,+20.35%,+24.78%,"$1,100,768,998","282 of 2,408",26 of 150,"563,053,196",Consumer Cyclical,CKF / CTT / PWH,$0.156,$0.175,$0.105,"7 Buy
· 5 Hold
· 2 Sell",Buy,01/10/23,AX1
Value,$4.42,"0.00
(0.00)","$4.42
-
$4.67",0,58,$0,‐,‐ - ‐,‐,$4.42,6:58pm 03/11 (AEDT),0.00,+0.23%,-12.99%,-12.99%,-19.18%,-14.75%,"$984,624,739","300 of 2,408",29 of 150,"222,765,778",Consumer Cyclical,PWH / NCK / CTT,$0.384,$0.2662,$1.376,"0 Buy
· 4 Hold
· 4 Sell",Sell,01/10/23,BGP
Value,$22.45,"0.70
(3.22%)","$21.90
-
$22.52","277,724","231,182","$6,240,655",$22.48,$22.30 - $22.65,$22.47,$21.75,6:58pm 03/11 (AEDT),+2.93%,+2.89%,+22.34%,+10.70%,+4.52%,+8.95%,"$3,219,899,063","128 of 2,408",12 of 150,"143,425,348",Consumer Cyclical,APE / SUL / PMV,$0.766,$0.305,$2.584,"7 Buy
· 8 Hold
· 2 Sell",Hold,01/10/23,BRG
Value,$8.41,"0.41
(-4.65%)","$8.41
-
$8.45","9,958","2,086","$84,321",$8.50,$8.40 - $8.50,$8.47,$8.82,6:58pm 03/11 (AEDT),-11.47%,-8.09%,-15.90%,-23.55%,-29.73%,-25.30%,"$245,656,941","633 of 2,408",54 of 150,"29,210,100",Consumer Cyclical,PBH / UNI / BBN,-$0.377,$0.00,-$0.081,,,,AKP
Value,$1.65,"0.01
(-0.60%)","$1.65
-
$1.71","23,572","87,944","$39,066",$1.66,$1.65 - $1.66,$1.6575,$1.66,6:58pm 03/11 (AEDT),+1.54%,-10.33%,+16.20%,+9.63%,+3.45%,+7.88%,"$155,569,555","774 of 2,408",67 of 150,"94,284,579",Consumer Cyclical,MTO / RBL / RCT,$0.022,$0.021,$1.254,"4 Buy
· 1 Hold
· 0 Sell",Strong Buy,01/10/23,FWD
Value,$4.20,"0.00
(0.00)","$4.00
-
$4.20",0,568,$0,‐,‐ - ‐,‐,$4.20,6:58pm 03/11 (AEDT),+0.24%,+0.48%,+2.69%,+5.00%,-1.19%,+3.25%,"$147,776,021","792 of 2,408",70 of 150,"35,184,767",Consumer Cyclical,RBL / MTO / FWD,$0.307,$0.10,$3.402,,,,WAT
Value,$0.26,"0.005
(1.96%)","$0.26
-
$0.28","144,845","351,328","$37,365",$0.26,$0.25 - $0.26,$0.258,$0.255,6:58pm 03/11 (AEDT),+1.96%,-23.80%,-25.68%,-21.82%,-20.32%,-23.57%,"$129,125,298","835 of 2,408",73 of 150,"496,635,761",Consumer Cyclical,GLB / STP / VVA,$0.045,$0.011,$0.846,,,,AVJ
Value,$3.10,"0.05
(1.64%)","$2.85
-
$3.09",526,"1,341","$1,631",$3.10,$3.10 - $3.10,$3.10,$3.05,6:58pm 03/11 (AEDT),+1.64%,+1.64%,+3.33%,+3.68%,-2.51%,+1.93%,"$128,537,836","838 of 2,408",74 of 150,"41,463,818",Consumer Cyclical,AVJ / STP / VVA,$0.038,$0.07,$1.694,,,,GLB
Value,$2.63,"0.09
(3.54%)","$2.63
-
$2.68","19,621","6,969","$51,593",$2.57,$2.57 - $2.65,$2.63,$2.54,6:58pm 03/11 (AEDT),+9.58%,+22.33%,+13.85%,+9.58%,+3.40%,+7.83%,"$93,198,631","940 of 2,408",81 of 150,"35,436,742",Consumer Cyclical,FUN / BET / ABY,$0.06,$0.13,$0.749,,,,TWD
Value,$0.845,"0.00
(0.00)","$0.84
-
$0.845","41,138","15,859","$34,729",$0.845,$0.84 - $0.845,$0.844,$0.845,6:58pm 03/11 (AEDT),-0.59%,0.00,+9.74%,+8.33%,+2.15%,+6.58%,"$81,471,241","987 of 2,408",86 of 150,"96,415,670",Consumer Cyclical,JYC / SGH / BET,$0.101,$0.135,$0.707,,,,SHM
Value,$0.18,"0.03
(20.00%)","$0.145
-
$0.18","164,711","5,199","$27,891",$0.15,$0.15 - $0.18,$0.1695,$0.15,6:58pm 03/11 (AEDT),+20.00%,+12.50%,+50.00%,+11.73%,+5.54%,+9.97%,"$64,783,161","1,070 of 2,408",91 of 150,"359,906,450",Consumer Cyclical,CCX / KED / DSK,-$0.137,$0.00,$0.025,,,,SIO
Value,$0.1875,"0.0025
(1.35%)","$0.185
-
$0.19","10,000","44,243","$1,888",$0.19,$0.1875 - $0.19,$0.189,$0.185,6:58pm 03/11 (AEDT),+1.35%,-10.71%,-34.21%,-37.50%,-43.69%,-39.25%,"$53,252,745","1,145 of 2,408",95 of 150,"284,014,642",Consumer Cyclical,EBG / RDH / DSK,$0.013,$0.01,$0.291,,,,GAP
Value,$39.32,"0.22
(0.56%)","$39.10
-
$39.63","782,289","1,195,642","$30,772,436",$39.80,$39.15 - $39.81,$39.335,$39.10,6:58pm 03/11 (AEDT),+0.49%,-3.15%,+28.83%,+5.22%,-0.97%,+3.46%,"$25,501,382,817","16 of 2,408",2 of 150,"648,560,092",Consumer Cyclical,TLC / CWN / IEL,$1.641,$0.56,$3.287,"13 Buy
· 2 Hold
· 0 Sell",Strong Buy,01/10/23,ALL
Value,$117.93,"4.14
(3.64%)","‐
-
‐","127,849","91,994","$15,083,912",$117.78,$116.24 - $117.93,$117.56,$113.79,6:58pm 03/11 (AEDT),-0.54%,+6.68%,+29.59%,+29.59%,-,+27.84%,"$1,724,849,369","211 of 2,408",21 of 150,"14,626,044",Consumer Cyclical,IVC / SGR / TAH,$0.46,$0.00,-$31.426,"10 Buy
· 4 Hold
· 0 Sell",Strong Buy,01/10/23,LNW
Value,$4.60,"0.02
(-0.43%)","$4.57
-
$4.61","2,926,372","3,740,443","$13,495,257",$4.68,$4.57 - $4.68,$4.61,$4.62,6:58pm 03/11 (AEDT),+3.60%,-1.08%,+2.68%,+7.48%,-,+5.72%,"$10,238,549,834","49 of 2,408",3 of 150,"2,225,771,703",Consumer Cyclical,CWN / IEL / JBH,$0.119,$0.15,-$1.216,"10 Buy
· 8 Hold
· 0 Sell",Buy,01/10/23,TLC
Value,$23.20,"0.46
(2.02%)","$23.18
-
$23.50","623,214","992,837","$14,414,485",$23.30,$22.80 - $23.39,$23.13,$22.74,6:58pm 03/11 (AEDT),+3.85%,+9.07%,-14.64%,-19.44%,-25.63%,-21.20%,"$6,457,400,095","78 of 2,408",5 of 150,"278,336,211",Consumer Cyclical,JBH / DMP / HVN,$0.533,$0.41,-$0.075,"12 Buy
· 3 Hold
· 2 Sell",Buy,01/10/23,IEL
Value,$51.95,"0.63
(1.23%)","$51.81
-
$52.00","358,193","321,427","$18,683,487",$52.28,$51.80 - $52.85,$52.13,$51.32,6:58pm 03/11 (AEDT),+3.94%,+1.84%,-21.58%,-1.94%,-8.13%,-3.70%,"$4,665,552,510","99 of 2,408",7 of 150,"89,808,518",Consumer Cyclical,HVN / JBH / FLT,$0.761,$1.10,-$7.52,"8 Buy
· 7 Hold
· 3 Sell",Hold,01/10/23,DMP
Value,$19.07,"0.16
(0.85%)","$19.00
-
$19.08","548,906","984,113","$10,463,238",$19.02,$18.93 - $19.175,$19.06,$18.91,6:58pm 03/11 (AEDT),+4.90%,-0.21%,+31.61%,+12.91%,+6.72%,+11.15%,"$4,184,486,392","107 of 2,408",9 of 150,"219,427,708",Consumer Cyclical,HVN / PMV / DMP,$0.225,$0.18,$0.367,"13 Buy
· 6 Hold
· 1 Sell",Buy,01/10/23,FLT
Value,$16.92,"0.10
(0.60%)","$16.89
-
$16.95","311,741","442,415","$5,289,803",$17.10,$16.87 - $17.18,$16.97,$16.82,6:58pm 03/11 (AEDT),+1.68%,+2.67%,+14.87%,-3.37%,-9.56%,-5.12%,"$2,475,831,622","159 of 2,408",15 of 150,"146,325,746",Consumer Cyclical,WEB / ARB / LOV,$0.529,$0.28,$1.115,"15 Buy
· 4 Hold
· 2 Sell",Buy,01/10/23,CTD
Value,$6.27,"0.08
(1.29%)","$6.25
-
$6.29","1,048,677","1,355,905","$6,597,155",$6.30,$6.26 - $6.34,$6.29,$6.19,6:58pm 03/11 (AEDT),+3.47%,-5.00%,+1.46%,+19.20%,+13.02%,+17.45%,"$2,420,108,106","162 of 2,408",16 of 150,"385,982,154",Consumer Cyclical,CTD / ARB / LOV,$0.038,$0.00,$0.082,"12 Buy
· 6 Hold
· 1 Sell",Buy,01/10/23,WEB
Value,$0.815,"0.00
(0.00)","$0.81
-
$0.825","3,166,111","6,794,018","$2,587,912",$0.825,$0.81 - $0.83,$0.8175,$0.815,6:58pm 03/11 (AEDT),+3.16%,-12.83%,-24.19%,-15.10%,-21.29%,-16.86%,"$1,860,164,956","193 of 2,408",19 of 150,"2,282,410,989",Consumer Cyclical,BAP / IVC / LNW,$0.029,$0.023,-$0.213,"9 Buy
· 5 Hold
· 1 Sell",Buy,01/10/23,TAH
Value,$12.67,"0.01
(0.08%)","$12.66
-
$12.69","2,312,768","498,571","$29,311,710",$12.68,$12.66 - $12.69,$12.675,$12.66,7:01pm 03/11 (AEDT),+0.24%,+0.88%,+14.87%,+22.06%,+15.88%,+20.31%,"$1,825,249,487","197 of 2,408",20 of 150,"144,060,733",Consumer Cyclical,TAH / BAP / LNW,$0.135,$0.11,$2.157,"0 Buy
· 7 Hold
· 4 Sell",Sell,01/10/23,IVC
Value,$35.50,"0.40
(1.14%)","$35.50
-
$35.54","1,874,760","1,876,943","$66,488,070",$35.38,$35.18 - $35.60,$35.435,$35.10,6:58pm 03/11 (AEDT),+0.91%,-3.72%,+5.78%,+10.76%,+12.77%,+9.01%,"$43,366,233,030","13 of 2,408",1 of 99,"1,221,584,029",Consumer Defensive,COL / CCL / EDV,$1.323,$1.04,$0.601,"10 Buy
· 6 Hold
· 3 Sell",Buy,01/10/23,WOW
Value,$15.45,"0.12
(0.78%)","$15.39
-
$15.47","2,191,862","2,769,498","$33,877,362",$15.57,$15.38 - $15.57,$15.455,$15.33,6:58pm 03/11 (AEDT),+3.14%,-0.13%,-7.60%,-4.28%,-2.27%,-6.03%,"$20,678,149,200","21 of 2,408",2 of 99,"1,338,391,534",Consumer Defensive,CCL / EDV / TWE,$0.779,$0.66,$0.987,"3 Buy
· 10 Hold
· 8 Sell",Sell,01/10/23,COL
Value,$5.01,"0.08
(1.62%)","$5.00
-
$5.03","4,089,519","4,594,666","$20,540,227",$4.97,$4.94 - $5.06,$5.015,$4.93,6:58pm 03/11 (AEDT),+3.30%,-4.21%,-21.96%,-28.63%,-,-30.39%,"$8,972,809,885","53 of 2,408",4 of 99,"1,790,980,017",Consumer Defensive,CCL / TWE / MTS,$0.295,$0.293,-$0.308,"7 Buy
· 6 Hold
· 3 Sell",Hold,01/10/23,EDV
Value,$3.74,"0.02
(0.54%)","$3.73
-
$3.76","2,821,272","2,448,800","$10,560,793",$3.74,$3.72 - $3.775,$3.745,$3.72,6:58pm 03/11 (AEDT),+2.75%,+0.27%,-6.03%,-6.03%,-4.02%,-7.78%,"$3,654,204,651","115 of 2,408",6 of 99,"977,060,067",Consumer Defensive,A2M / BKL / GNC,$0.267,$0.225,$0.183,"8 Buy
· 5 Hold
· 2 Sell",Buy,01/10/23,MTS
Value,$7.14,"0.10
(1.42%)","$7.06
-
$7.15","403,841","484,478","$2,888,824",$7.15,$7.11 - $7.22,$7.155,$7.04,6:58pm 03/11 (AEDT),+5.47%,+5.31%,-3.77%,-13.45%,-11.45%,-15.21%,"$1,601,766,159","227 of 2,408",9 of 99,"224,336,997",Consumer Defensive,UMG / CGC / ING,$1.487,$0.54,$6.034,"7 Buy
· 4 Hold
· 1 Sell",Buy,01/10/23,GNC
Value,$0.066,"0.003
(4.76%)","$0.066
-
$0.07","454,964","161,094","$29,583",$0.065,$0.065 - $0.066,$0.065,$0.063,6:58pm 03/11 (AEDT),-5.71%,-8.33%,-49.23%,-68.57%,-74.76%,-70.33%,"$25,961,742","1,438 of 2,408",55 of 99,"393,359,730",Consumer Defensive,WNX / BXN / SFG,-$0.004,$0.00,-$0.17,,,,MMM
Value,$34.01,"0.16
(0.47%)","$34.00
-
$34.05","4,262,254","5,111,264","$145,184,300",$34.10,$33.81 - $34.28,$34.01,$33.85,6:58pm 03/11 (AEDT),-2.55%,-6.18%,-4.03%,-7.43%,-3.44%,-9.19%,"$64,576,479,712","8 of 2,408",1 of 171,"1,898,749,771",Energy,WPL / STO / OSH,$3.734,$3.3974,$16.707,"8 Buy
· 7 Hold
· 4 Sell",Hold,01/10/23,WDS
Value,$7.42,"0.09
(-1.20%)","$7.39
-
$7.45","10,850,167","8,129,617","$80,681,152",$7.59,$7.36 - $7.60,$7.435,$7.51,6:58pm 03/11 (AEDT),-4.75%,-5.72%,+3.92%,-5.12%,-1.12%,-6.87%,"$24,098,475,371","17 of 2,408",3 of 171,"3,247,772,961",Energy,WPL / OSH / ALD,$0.523,$0.3576,$4.204,"15 Buy
· 4 Hold
· 0 Sell",Strong Buy,01/10/23,STO
Value,$33.08,"0.33
(1.01%)","$32.90
-
$33.20","664,103","750,220","$21,967,524",$33.19,$32.96 - $33.25,$33.08,$32.75,6:58pm 03/11 (AEDT),+4.12%,-2.22%,+16.97%,+19.55%,+23.54%,+17.80%,"$7,883,033,435","66 of 2,408",5 of 171,"238,302,099",Energy,OSH / YAL / WHC,$0.535,$2.50,$8.53,"11 Buy
· 3 Hold
· 0 Sell",Strong Buy,01/10/23,ALD
Value,$4.71,"0.07
(-1.46%)","$4.70
-
$4.72","1,437,445","1,718,133","$6,783,177",$4.80,$4.68 - $4.84,$4.72,$4.78,6:58pm 03/11 (AEDT),-5.23%,-9.94%,-22.28%,-9.42%,-5.43%,-11.18%,"$6,219,269,748","84 of 2,408",6 of 171,"1,320,439,437",Energy,WHC / NHC / ALD,$2.124,$1.07,$5.979,"4 Buy
· 1 Hold
· 0 Sell",Strong Buy,01/10/23,YAL
Value,$7.15,"0.14
(-1.92%)","$7.15
-
$7.16","4,881,885","8,099,005","$35,087,164",$7.33,$7.135 - $7.38,$7.185,$7.29,6:58pm 03/11 (AEDT),-7.98%,-0.56%,-24.10%,-24.02%,-20.03%,-25.77%,"$5,981,695,606","87 of 2,408",7 of 171,"836,600,784",Energy,YAL / NHC / VEA,$3.028,$0.74,$6.273,"6 Buy
· 8 Hold
· 2 Sell",Hold,01/10/23,WHC
Value,$9.69,"0.16
(1.68%)","$9.64
-
$9.85","1,887","34,016","$18,508",$9.60,$9.60 - $9.85,$9.81,$9.53,6:58pm 03/11 (AEDT),+3.42%,+3.42%,+45.71%,+59.37%,+63.37%,+57.62%,"$256,271,769","618 of 2,408",28 of 171,"26,447,035",Energy,HZN / CVN / COE,-$0.14,$0.00,$0.849,"15 Buy
· 1 Hold
· 0 Sell",Strong Buy,01/10/23,NXG
Value,$5.43,"0.04
(-0.73%)","$5.43
-
$5.52","3,631,956","3,651,414","$19,665,217",$5.53,$5.38 - $5.57,$5.415,$5.47,6:58pm 03/11 (AEDT),-10.54%,-15.29%,-14.62%,-10.84%,-6.85%,-12.59%,"$4,590,171,570","102 of 2,408",8 of 171,"845,335,464",Energy,VEA / BPT / WHC,$1.186,$0.96,$2.902,"0 Buy
· 4 Hold
· 7 Sell",Strong Sell,01/10/23,NHC
Value,$2.88,"0.03
(1.05%)","$2.85
-
$2.89","10,554,541","4,478,451","$30,358,913",$2.89,$2.84 - $2.89,$2.87,$2.85,6:58pm 03/11 (AEDT),+1.41%,-4.00%,+5.49%,+1.41%,+5.40%,-0.35%,"$4,447,198,791","104 of 2,408",9 of 171,"1,544,166,247",Energy,NHC / BPT / PDN,-$0.056,$0.218,$1.141,"7 Buy
· 7 Hold
· 0 Sell",Buy,01/10/23,VEA
Value,$1.525,"0.02
(-1.29%)","$1.525
-
$1.53","5,569,880","6,835,981","$8,542,828",$1.575,$1.525 - $1.575,$1.534,$1.545,6:58pm 03/11 (AEDT),-0.97%,-6.44%,-4.39%,-5.57%,-1.58%,-7.33%,"$3,479,033,825","121 of 2,408",10 of 171,"2,281,333,656",Energy,PDN / VEA / NHC,$0.176,$0.04,$1.666,"12 Buy
· 5 Hold
· 3 Sell",Buy,01/10/23,BPT
Value,$1.005,"0.015
(-1.47%)","$1.00
-
$1.01","21,560,872","17,898,358","$21,900,947",$1.04,$1.00 - $1.05,$1.016,$1.02,6:58pm 03/11 (AEDT),+1.52%,-8.64%,+43.57%,+21.82%,+25.81%,+20.06%,"$2,998,292,411","136 of 2,408",11 of 171,"2,983,375,533",Energy,BPT / ZEL / BOE,-$0.004,$0.00,$0.031,"8 Buy
· 2 Hold
· 1 Sell",Buy,01/10/23,PDN
Value,$22.04,"0.37
(1.71%)","$22.01
-
$22.15","4,016,206","3,131,924","$88,933,123",$22.49,$21.95 - $22.58,$22.145,$21.67,6:58pm 03/11 (AEDT),+9.38%,+1.71%,+26.96%,+29.88%,+31.38%,+28.12%,"$41,857,972,845","14 of 2,408",1 of 99,"1,899,182,071",Real Estate,SCG / SGP / VCX,$0.813,$0.30,$9.043,"14 Buy
· 1 Hold
· 0 Sell",Strong Buy,01/10/23,GMG
Value,$2.58,"0.06
(2.38%)","$2.56
-
$2.59","11,435,568","10,571,001","$29,482,262",$2.57,$2.56 - $2.60,$2.58,$2.52,6:58pm 03/11 (AEDT),+6.61%,+4.45%,-10.42%,-10.42%,-8.92%,-12.17%,"$13,391,176,115","34 of 2,408",2 of 99,"5,190,378,339",Real Estate,SGP / VCX / MGR,-$0.006,$0.165,$3.57,"10 Buy
· 3 Hold
· 2 Sell",Buy,01/10/23,SCG
Value,$4.18,"0.27
(6.91%)","$4.06
-
$4.20","555,107","234,822","$2,323,896",$4.16,$4.16 - $4.21,$4.185,$3.91,6:58pm 03/11 (AEDT),+21.51%,+8.85%,+8.29%,+10.88%,+12.38%,+9.12%,"$635,739,460","388 of 2,408",41 of 99,"152,090,780",Real Estate,PWG / QAL / RFF,-$0.346,$0.00,$6.213,"9 Buy
· 8 Hold
· 5 Sell",Hold,01/10/23,URW
Value,$3.73,"0.07
(1.91%)","$3.72
-
$3.75","10,141,246","6,461,825","$37,790,904",$3.70,$3.69 - $3.75,$3.73,$3.66,6:58pm 03/11 (AEDT),+4.78%,-4.36%,+2.75%,+7.80%,+9.30%,+6.05%,"$8,904,150,299","55 of 2,408",3 of 99,"2,387,171,662",Real Estate,VCX / MGR / GPT,$0.182,$0.262,$2.243,"7 Buy
· 4 Hold
· 3 Sell",Hold,01/10/23,SGP
Value,$1.795,"0.025
(1.41%)","$1.79
-
$1.805","18,463,593","12,035,124","$33,267,610",$1.81,$1.795 - $1.825,$1.801,$1.77,6:58pm 03/11 (AEDT),+4.66%,+4.97%,-10.25%,-5.77%,-4.27%,-7.53%,"$8,171,334,268","63 of 2,408",4 of 99,"4,552,275,358",Real Estate,MGR / GPT / SGP,$0.06,$0.12,$2.301,"1 Buy
· 11 Hold
· 6 Sell",Sell,01/10/23,VCX
Value,$1.945,"0.04
(2.10%)","$1.93
-
$1.95","14,662,763","11,920,309","$28,638,387",$1.95,$1.92 - $1.97,$1.9475,$1.905,6:58pm 03/11 (AEDT),+3.46%,-8.69%,-8.69%,-4.19%,-2.69%,-5.94%,"$7,674,698,122","69 of 2,408",5 of 99,"3,945,860,217",Real Estate,GPT / DXS / VCX,-$0.042,$0.105,$2.656,"3 Buy
· 5 Hold
· 8 Sell",Sell,01/10/23,MGR
Value,$3.89,"0.08
(2.10%)","$3.86
-
$3.90","7,198,814","4,961,637","$27,992,625",$3.92,$3.85 - $3.93,$3.89,$3.81,6:58pm 03/11 (AEDT),+9.58%,-0.26%,-7.38%,-9.95%,-8.45%,-11.71%,"$7,451,596,203","70 of 2,408",6 of 99,"1,915,577,430",Real Estate,DXS / MGR / VCX,-$0.033,$0.248,$5.978,"8 Buy
· 3 Hold
· 4 Sell",Hold,01/10/23,GPT
Value,$6.89,"0.17
(2.53%)","$6.84
-
$6.94","2,937,146","3,542,683","$20,248,239",$6.89,$6.85 - $6.94,$6.895,$6.72,6:58pm 03/11 (AEDT),+5.67%,-5.49%,-11.10%,-9.34%,-7.84%,-11.10%,"$7,410,644,545","71 of 2,408",7 of 99,"1,075,565,246",Real Estate,GPT / MGR / VCX,-$0.637,$0.516,$10.771,"9 Buy
· 4 Hold
· 2 Sell",Buy,01/10/23,DXS
Value,$9.77,"0.35
(3.72%)","$9.65
-
$9.86","1,851,170","1,554,849","$18,025,975",$9.69,$9.54 - $9.81,$9.74,$9.42,6:58pm 03/11 (AEDT),+11.91%,+2.30%,-18.45%,-25.42%,-23.92%,-27.17%,"$4,621,182,634","100 of 2,408",8 of 99,"472,997,199",Real Estate,LLC / SCP / NSR,$0.407,$0.4254,$6.642,"9 Buy
· 5 Hold
· 1 Sell",Buy,01/10/23,CHC
Value,$2.06,"0.03
(1.48%)","$2.04
-
$2.08","4,216,672","2,726,955","$8,689,761",$2.07,$2.04 - $2.08,$2.06,$2.03,6:58pm 03/11 (AEDT),+0.98%,-5.50%,-11.21%,-17.60%,-16.10%,-19.35%,"$2,803,926,716","145 of 2,408",11 of 99,"1,361,129,474",Real Estate,SCP / RGN / CLW,$0.258,$0.11,$0.166,"6 Buy
· 5 Hold
· 2 Sell",Hold,01/10/23,NSR
Value,$163.24,"2.85
(1.78%)","$163.00
-
$163.30","1,915,313","803,831","$308,904,600",$157.20,$155.30 - $163.46,$160.97,$160.39,6:58pm 03/11 (AEDT),+1.14%,-2.75%,-2.23%,-1.93%,+1.59%,-3.68%,"$63,088,465,323","9 of 2,408",5 of 573,"386,476,754",Financial Services,WBC / ANZ / NAB,$13.163,$7.50,$75.886,"11 Buy
· 6 Hold
· 0 Sell",Buy,01/10/23,MQG
Value,$81.18,"16.33
(25.18%)","$80.50
-
$81.40","931,761","129,214","$70,065,024",$78.32,$78.32 - $81.50,$80.22,$64.85,6:58pm 03/11 (AEDT),+24.03%,+16.59%,-11.70%,-7.19%,-,-8.95%,"$2,742,416,022","149 of 2,408",38 of 573,"33,781,917",Financial Services,HUB / VEU / ETHI,-$0.43,$0.00,$5.314,"36 Buy
· 13 Hold
· 2 Sell",Buy,01/10/23,SQ2
Value,$34.35,"0.46
(1.36%)","$34.00
-
$34.45","390,045","379,902","$13,412,666",$34.28,$34.08 - $34.59,$34.385,$33.89,6:58pm 03/11 (AEDT),+0.67%,+4.98%,+24.19%,+23.30%,+27.29%,+21.54%,"$12,399,246,094","37 of 2,408",10 of 573,"360,967,863",Financial Services,VAS / ASX / IAG,$2.186,$0.94,$23.443,"4 Buy
· 1 Hold
· 0 Sell",Strong Buy,01/10/23,SOL
Value,$57.04,"0.11
(0.19%)","$56.80
-
$57.40","526,613","399,858","$30,056,365",$57.49,$56.59 - $57.49,$57.075,$56.93,6:58pm 03/11 (AEDT),+2.72%,+0.11%,-16.14%,-14.32%,-10.80%,-16.07%,"$11,042,668,040","44 of 2,408",11 of 573,"193,595,162",Financial Services,SOL / VAS / MPL,$1.639,$2.283,$1.782,"2 Buy
· 7 Hold
· 8 Sell",Sell,01/10/23,ASX
Value,$38.40,"1.15
(3.09%)","$37.60
-
$38.42","301,074","44,414","$11,449,370",$38.01,$37.60 - $38.40,$38.03,$37.25,6:58pm 03/11 (AEDT),+9.40%,-4.79%,+9.22%,+9.90%,+13.42%,+8.15%,"$329,621,914","538 of 2,408",183 of 573,"8,583,904",Financial Services,MYS / WXOZ / VAE,$2.03,$2.3479,$4.177,"0 Buy
· 7 Hold
· 9 Sell",Strong Sell,01/10/23,JHG
Value,$6.00,"0.02
(0.33%)","$5.97
-
$6.11","1,118,381","1,431,728","$6,705,903",$6.00,$5.97 - $6.09,$5.995,$5.98,6:58pm 03/11 (AEDT),+2.92%,-5.96%,-21.26%,-14.77%,-11.26%,-16.53%,"$4,145,219,850","108 of 2,408",23 of 573,"690,869,975",Financial Services,GQG / QUAL / IOZ,$0.39,$0.24,$5.172,"9 Buy
· 6 Hold
· 1 Sell",Buy,01/10/23,CGF
Value,$1.37,"0.03
(2.24%)","$1.35
-
$1.38","1,982,208","3,047,845","$2,704,071",$1.36,$1.345 - $1.375,$1.3645,$1.34,6:58pm 03/11 (AEDT),+2.62%,0.00,-1.79%,0.00,-,-1.75%,"$4,045,343,445","110 of 2,408",24 of 573,"2,952,805,434",Financial Services,QUAL / CGF / IOZ,$0.081,$0.0831,$0.105,"8 Buy
· 1 Hold
· 0 Sell",Strong Buy,01/10/23,GQG
Value,$13.45,"0.15
(1.13%)","$13.30
-
$13.92","362,007","452,800","$4,875,834",$13.50,$13.36 - $13.70,$13.47,$13.30,6:58pm 03/11 (AEDT),+8.03%,-9.37%,+11.16%,+9.26%,+12.78%,+7.51%,"$3,282,154,515","125 of 2,408",30 of 573,"244,026,358",Financial Services,AAA / A200 / NDQ,$0.243,$0.24,$0.478,"8 Buy
· 6 Hold
· 3 Sell",Hold,01/10/23,NWL
Value,$1.045,"0.005
(0.48%)","$1.04
-
$1.05","6,486,602","10,543,204","$6,798,941",$1.055,$1.04 - $1.06,$1.048,$1.04,6:58pm 03/11 (AEDT),+1.95%,-14.34%,-20.53%,-17.06%,-13.55%,-18.82%,"$2,874,570,148","143 of 2,408",36 of 573,"2,750,784,831",Financial Services,IOO / AUB / VHY,-$0.014,$0.05,$1.329,"1 Buy
· 7 Hold
· 6 Sell",Sell,01/10/23,AMP
Value,$32.25,"0.47
(1.48%)","$31.85
-
$32.50","162,990","259,280","$5,252,411",$31.80,$31.53 - $32.39,$32.225,$31.78,6:58pm 03/11 (AEDT),+5.36%,+0.19%,+21.29%,+25.39%,+28.91%,+23.64%,"$2,623,516,151","150 of 2,408",39 of 573,"81,349,338",Financial Services,VEU / SQ2 / ETHI,$0.461,$0.325,$0.629,"7 Buy
· 8 Hold
· 1 Sell",Buy,01/10/23,HUB
Value,$11.04,"1.06
(-8.76%)","$11.02
-
$11.19","10,019,715","2,147,718","$110,902,455",$11.35,$10.75 - $11.44,$11.045,$12.10,6:58pm 03/11 (AEDT),-6.81%,-7.81%,-18.04%,-12.51%,-11.40%,-15.17%,"$7,969,203,863","64 of 2,408",5 of 99,"721,848,176",Consumer Defensive,EDV / CCL / MTS,$0.473,$0.35,$3.339,"14 Buy
· 3 Hold
· 3 Sell",Buy,01/10/23,TWE
Value,$4.00,"0.08
(2.04%)","$4.00
-
$4.03","2,613,072","2,330,715","$10,417,738",$3.94,$3.94 - $4.02,$3.985,$3.92,6:58pm 03/11 (AEDT),+3.09%,-5.88%,-41.86%,-27.14%,-25.13%,-28.89%,"$2,891,739,232","142 of 2,408",7 of 99,"722,934,808",Consumer Defensive,MTS / BKL / GNC,$0.211,$0.00,$1.437,"5 Buy
· 4 Hold
· 1 Sell",Buy,01/10/23,A2M
Value,$3.14,"0.04
(1.29%)","$3.11
-
$3.14","2,242,742","3,106,760","$7,016,753",$3.11,$3.10 - $3.14,$3.13,$3.10,6:58pm 03/11 (AEDT),+1.29%,+0.32%,+14.18%,+22.18%,+24.19%,+20.43%,"$1,459,188,750","243 of 2,408",11 of 99,"464,709,793",Consumer Defensive,ING / UMG / GNC,$0.046,$0.05,$1.045,"7 Buy
· 7 Hold
· 0 Sell",Buy,01/10/23,CGC
Value,$3.92,"0.01
(0.26%)","$3.91
-
$3.94","3,193,935","1,778,755","$12,513,237",$3.94,$3.88 - $3.95,$3.92,$3.91,6:58pm 03/11 (AEDT),+16.32%,+17.72%,+37.06%,+46.27%,+48.28%,+44.52%,"$1,456,984,036","244 of 2,408",12 of 99,"371,679,601",Consumer Defensive,CGC / UMG / GNC,$0.037,$0.145,$0.543,"10 Buy
· 3 Hold
· 1 Sell",Buy,01/10/23,ING
Value,$6.20,"0.20
(3.33%)","$6.17
-
$6.24","946,430","643,671","$5,804,272",$6.08,$6.01 - $6.24,$6.135,$6.00,6:58pm 03/11 (AEDT),+5.26%,+8.39%,-38.86%,-52.74%,-50.74%,-54.50%,"$970,154,759","304 of 2,408",14 of 99,"156,476,574",Consumer Defensive,BGA / TGR / AHY,$0.77,$0.51,$3.135,"7 Buy
· 7 Hold
· 1 Sell",Buy,01/10/23,ELD
Value,$2.80,"0.00
(0.00)","$2.80
-
$2.81","1,367,843","827,132","$3,830,357",$2.83,$2.78 - $2.83,$2.80,$2.80,6:58pm 03/11 (AEDT),-2.78%,+12.45%,-27.84%,-14.89%,-12.89%,-16.65%,"$852,649,770","323 of 2,408",15 of 99,"304,517,775",Consumer Defensive,AHY / AAC / ELD,-$0.756,$0.075,$1.771,"0 Buy
· 8 Hold
· 7 Sell",Sell,01/10/23,BGA
Value,$1.275,"0.005
(0.39%)","$1.265
-
$1.31","475,822","215,816","$605,844",$1.27,$1.245 - $1.30,$1.2735,$1.27,6:58pm 03/11 (AEDT),+8.97%,-3.41%,-27.14%,-29.36%,-27.35%,-31.12%,"$768,527,602","341 of 2,408",17 of 99,"602,766,747",Consumer Defensive,AHY / RIC / BGA,$0.008,$0.00,$2.57,"4 Buy
· 1 Hold
· 0 Sell",Strong Buy,01/10/23,AAC
Value,$2.22,"0.01
(-0.45%)","$2.19
-
$2.26","398,801","512,985","$890,739",$2.23,$2.21 - $2.26,$2.235,$2.23,6:58pm 03/11 (AEDT),+3.26%,-3.48%,+12.12%,+3.26%,+5.27%,+1.50%,"$701,148,623","364 of 2,408",18 of 99,"315,832,713",Consumer Defensive,AAC / AHY / BGA,$0.131,$0.0825,$0.854,"7 Buy
· 2 Hold
· 0 Sell",Strong Buy,01/10/23,RIC
Value,$1.29,"0.01
(0.78%)","$1.29
-
$1.32","317,234","236,616","$407,065",$1.285,$1.23 - $1.32,$1.283,$1.28,6:58pm 03/11 (AEDT),-1.15%,-4.80%,-11.95%,-16.77%,-,-18.53%,"$536,347,414","413 of 2,408",19 of 99,"415,773,189",Consumer Defensive,SHV / HUO / SGLLV,$0.018,$0.033,$0.676,"6 Buy
· 1 Hold
· 1 Sell",Buy,01/10/23,CBO
Value,$4.07,"0.16
(4.09%)","$4.00
-
$4.20","211,415","180,717","$855,441",$3.90,$3.90 - $4.10,$4.045,$3.91,6:58pm 03/11 (AEDT),+2.78%,+2.26%,+4.36%,-23.21%,-21.20%,-24.96%,"$492,708,762","431 of 2,408",20 of 99,"121,058,664",Consumer Defensive,CBO / HUO / SGLLV,-$0.775,$0.02,$3.579,"6 Buy
· 2 Hold
· 1 Sell",Buy,01/10/23,SHV
Value,$23.15,"0.29
(-1.24%)","$23.12
-
$23.44","3,827,691","3,549,122","$89,319,231",$23.42,$23.13 - $23.60,$23.345,$23.44,6:58pm 03/11 (AEDT),+3.07%,+0.96%,-25.23%,-32.41%,-22.29%,-34.16%,"$13,109,666,745","38 of 2,408",4 of 219,"566,292,300",Healthcare,FPH / RHC / SHL,$0.615,$0.1894,$0.549,"10 Buy
· 7 Hold
· 0 Sell",Buy,01/10/23,RMD
Value,$247.58,"1.65
(0.67%)","$245.70
-
$248.52","104,162","140,143","$25,796,002",$247.27,$245.68 - $249.17,$247.655,$245.93,6:58pm 03/11 (AEDT),+2.04%,-2.81%,+21.29%,+27.30%,+37.41%,+25.54%,"$16,224,882,962","28 of 2,408",2 of 219,"65,533,900",Healthcare,SHL / RMD / FPH,$4.561,$3.30,$0.097,"3 Buy
· 12 Hold
· 9 Sell",Sell,01/10/23,COH
Value,$29.52,"0.32
(1.10%)","$29.41
-
$29.59","895,079","979,937","$26,407,444",$29.43,$29.30 - $29.63,$29.505,$29.20,6:58pm 03/11 (AEDT),+2.93%,-1.20%,-1.50%,-8.55%,+1.57%,-10.30%,"$14,005,162,117","33 of 2,408",3 of 219,"474,429,611",Healthcare,RMD / COH / FPH,$1.45,$1.04,-$0.112,"10 Buy
· 6 Hold
· 4 Sell",Hold,01/10/23,SHL
Value,$20.14,"0.41
(2.08%)","$19.90
-
$20.17","271,490","326,399","$5,464,069",$19.90,$19.79 - $20.27,$20.125,$19.73,6:58pm 03/11 (AEDT),+5.33%,+1.26%,-5.36%,+13.91%,+24.03%,+12.16%,"$11,724,910,789","41 of 2,408",5 of 219,"582,170,347",Healthcare,RHC / RMD / SHL,$0.43,$0.3762,$2.878,"1 Buy
· 9 Hold
· 7 Sell",Sell,01/10/23,FPH
Value,$50.70,"0.41
(0.82%)","$50.04
-
$50.77","407,709","404,744","$20,651,647",$50.59,$50.31 - $51.17,$50.66,$50.29,6:58pm 03/11 (AEDT),+3.68%,-0.94%,-21.64%,-12.48%,-2.37%,-14.24%,"$11,632,338,732","42 of 2,408",6 of 219,"229,434,689",Healthcare,FPH / RMD / SHL,$1.164,$0.75,-$8.756,"6 Buy
· 13 Hold
· 1 Sell",Hold,01/10/23,RHC
Value,$81.67,"1.78
(2.23%)","$81.60
-
$82.48","118,951","164,521","$9,725,630",$81.09,$80.60 - $82.38,$81.76,$79.89,6:58pm 03/11 (AEDT),+7.66%,-2.55%,+47.79%,+46.86%,+56.98%,+45.11%,"$8,530,862,636","60 of 2,408",7 of 219,"104,455,279",Healthcare,EBO / RHC / FPH,$0.58,$0.30,$1.124,"5 Buy
· 10 Hold
· 1 Sell",Hold,01/10/23,PME
Value,$33.96,"0.16
(0.47%)","$33.80
-
$34.00","10,469","18,946","$356,307",$34.28,$33.80 - $34.28,$34.035,$33.80,6:58pm 03/11 (AEDT),+4.88%,+4.91%,-17.01%,-0.70%,+9.41%,-2.46%,"$6,513,789,322","77 of 2,408",8 of 219,"191,807,695",Healthcare,PME / TLX / ANN,$1.446,$0.9093,-$0.325,"6 Buy
· 5 Hold
· 1 Sell",Buy,01/10/23,EBO
Value,$22.15,"0.40
(1.84%)","$22.00
-
$22.16","259,172","234,605","$5,721,887",$21.82,$21.82 - $22.18,$22.08,$21.75,6:58pm 03/11 (AEDT),+4.43%,+0.82%,-21.57%,-21.31%,-11.20%,-23.07%,"$2,785,846,610","147 of 2,408",10 of 219,"125,771,856",Healthcare,TLX / SNZ / NEU,$1.167,$0.6946,$2.107,"0 Buy
· 10 Hold
· 6 Sell",Sell,01/10/23,ANN
Value,$8.90,"0.02
(0.23%)","$8.90
-
$9.20",2,466,$18,$8.95,$8.90 - $8.95,$8.925,$8.88,6:58pm 03/11 (AEDT),-0.22%,-2.84%,+7.23%,-1.87%,+8.24%,-3.63%,"$2,085,104,300","177 of 2,408",11 of 219,"234,281,382",Healthcare,NEU / ANN / NAN,$1.153,$0.2685,$9.375,"6 Buy
· 3 Hold
· 0 Sell",Buy,01/10/23,SNZ
Value,$3.91,"0.04
(1.03%)","$3.89
-
$3.93","752,709","581,378","$2,945,450",$3.95,$3.83 - $4.03,$3.915,$3.87,6:58pm 03/11 (AEDT),+2.89%,-6.01%,-8.86%,-7.13%,+2.99%,-8.88%,"$1,183,195,779","275 of 2,408",13 of 219,"302,607,616",Healthcare,HLS / PNV / NEU,$0.065,$0.00,$0.541,"3 Buy
· 7 Hold
· 7 Sell",Sell,01/10/23,NAN
Value,$0.40,"0.00
(0.00)","$0.40
-
$0.405","17,501","185,870","$7,000",$0.40,$0.40 - $0.40,$0.40,$0.40,6:58pm 03/11 (AEDT),+2.56%,+1.27%,+11.11%,+1.27%,+3.28%,-0.49%,"$68,183,800","1,055 of 2,408",36 of 99,"170,459,499",Consumer Defensive,CSS / DBF / GDA,$0.031,$0.023,$0.179,,,,PTL
Value,$0.395,"0.00
(0.00)","$0.39
-
$0.40","92,577","45,439","$36,691",$0.40,$0.39 - $0.405,$0.3965,$0.395,6:58pm 03/11 (AEDT),-3.66%,-11.24%,-41.04%,-41.91%,-39.90%,-43.67%,"$56,859,911","1,118 of 2,408",39 of 99,"143,949,141",Consumer Defensive,GDA / DBF / EHH,$0.02,$0.03,$0.211,,,,MCP
Value,$0.12,"0.00
(0.00)","$0.115
-
$0.125","160,641","190,675","$19,277",$0.12,$0.12 - $0.12,$0.12,$0.12,6:58pm 03/11 (AEDT),-7.69%,-11.11%,+70.21%,+42.86%,-,+41.10%,"$19,561,607","1,556 of 2,408",63 of 99,"163,013,394",Consumer Defensive,OJC / FRM / WLD,-$0.022,$0.00,$0.032,,,,BIO
Value,$0.013,"0.00
(0.00)","$0.011
-
$0.013","300,000","453,684","$3,900",$0.013,$0.013 - $0.013,$0.013,$0.013,6:58pm 03/11 (AEDT),+8.33%,+18.18%,-45.83%,-51.85%,-49.84%,-53.61%,"$24,721,390","1,467 of 2,408",57 of 99,"1,901,645,398",Consumer Defensive,WNX / SFG / FOD,-$0.001,$0.00,$0.001,,,,BXN
Value,$0.11,"0.00
(0.00)","$0.12
-
$0.20",0,"1,029",$0,‐,‐ - ‐,‐,$0.11,6:58pm 03/11 (AEDT),0.00,0.00,-26.67%,-37.14%,-35.13%,-38.90%,"$14,859,128","1,683 of 2,408",66 of 99,"135,082,981",Consumer Defensive,NUC / BFC / E33,-$0.037,$0.00,$0.257,,,,S66
Value,$0.027,"0.002
(8.00%)","$0.026
-
$0.03","48,933","41,330","$1,407",$0.025,$0.025 - $0.03,$0.029,$0.025,6:58pm 03/11 (AEDT),-12.90%,-28.95%,-69.05%,-80.11%,-,-81.86%,"$6,686,294","2,014 of 2,408",78 of 99,"247,640,513",Consumer Defensive,YOW / AAP / EXL,-$0.088,$0.00,$0.022,,,,HPC
Value,$0.009,"0.00
(0.00)","$0.009
-
$0.01","1,958,812","592,619","$16,646",$0.009,$0.008 - $0.009,$0.0085,$0.009,6:58pm 03/11 (AEDT),+28.57%,+50.00%,-57.14%,-68.97%,-66.96%,-70.72%,"$5,682,095","2,094 of 2,408",80 of 99,"631,343,835",Consumer Defensive,1AG / AAP / EVE,-$0.02,$0.00,$0.014,,,,EXL
Value,$0.006,"0.00
(0.00)","$0.006
-
$0.007",0,"531,319",$0,‐,‐ - ‐,‐,$0.006,6:58pm 03/11 (AEDT),0.00,0.00,-62.63%,-73.53%,-71.52%,-75.28%,"$3,536,917","2,248 of 2,408",86 of 99,"589,486,095",Consumer Defensive,JJF / NZS / CCO,-$0.007,$0.00,$0.004,,,,SKN
Value,$0.004,"0.00
(0.00)","$0.003
-
$0.004","125,250","1,811,945",$501,$0.004,$0.004 - $0.004,$0.004,$0.004,6:58pm 03/11 (AEDT),+14.29%,-11.11%,-73.33%,-80.00%,-,-81.75%,"$3,268,477","2,271 of 2,408",89 of 99,"817,119,281",Consumer Defensive,NZS / JJF / SKN,-$0.016,$0.00,-$0.001,,,,CCO
Value,$0.01,"0.00
(0.00)","$0.009
-
$0.012",0,"138,590",$0,‐,‐ - ‐,‐,$0.01,6:58pm 03/11 (AEDT),-23.08%,0.00,-65.52%,-67.74%,-65.73%,-69.50%,"$2,788,001","2,299 of 2,408",92 of 99,"278,800,067",Consumer Defensive,FFF / HLF / HVM,-$0.007,$0.00,$0.01,,,,HCT
Value,$15.68,"0.13
(-0.82%)","$15.50
-
$15.84","3,318,064","3,078,372","$52,064,978",$15.94,$15.57 - $15.94,$15.69,$15.81,6:58pm 03/11 (AEDT),+1.10%,+0.84%,+16.75%,+24.35%,+27.86%,+22.59%,"$23,424,592,061","18 of 2,408",6 of 573,"1,493,915,310",Financial Services,SUN / IAG / VAS,$0.668,$0.44,$1.819,"16 Buy
· 1 Hold
· 0 Sell",Strong Buy,01/10/23,QBE
Value,$13.52,"0.04
(-0.30%)","$13.40
-
$13.54","2,425,976","2,415,184","$32,811,388",$13.74,$13.47 - $13.74,$13.525,$13.56,6:58pm 03/11 (AEDT),+0.07%,-2.52%,+12.29%,+14.48%,+18.00%,+12.73%,"$17,173,951,893","26 of 2,408",7 of 573,"1,270,262,714",Financial Services,IAG / VAS / SOL,$0.885,$0.60,$6.304,"15 Buy
· 1 Hold
· 0 Sell",Strong Buy,01/10/23,SUN
Value,$5.77,"0.04
(-0.69%)","$5.72
-
$5.80","3,828,550","5,630,267","$22,150,424",$5.83,$5.765 - $5.83,$5.785,$5.81,6:58pm 03/11 (AEDT),+1.41%,+2.30%,+21.47%,+16.10%,+19.62%,+14.34%,"$14,009,548,708","32 of 2,408",8 of 573,"2,427,998,043",Financial Services,VAS / SOL / ASX,$0.322,$0.15,$1.243,"7 Buy
· 8 Hold
· 2 Sell",Hold,01/10/23,IAG
Value,$3.46,"0.02
(0.58%)","$3.45
-
$3.48","2,741,059","5,847,753","$9,480,094",$3.45,$3.435 - $3.47,$3.46,$3.44,6:58pm 03/11 (AEDT),-0.86%,+0.58%,+17.29%,+19.31%,+22.83%,+17.56%,"$9,528,851,210","52 of 2,408",12 of 573,"2,754,003,240",Financial Services,AFI / ASX / SOL,$0.186,$0.146,$0.638,"8 Buy
· 7 Hold
· 0 Sell",Buy,01/10/23,MPL
Value,$5.52,"0.05
(0.91%)","$5.40
-
$5.59","2,544,358","1,641,391","$14,028,278",$5.49,$5.42 - $5.54,$5.515,$5.47,6:58pm 03/11 (AEDT),-1.25%,-1.08%,+0.91%,+8.88%,+12.39%,+7.12%,"$5,732,861,660","88 of 2,408",18 of 573,"1,038,561,895",Financial Services,IVV / VGS / BEN,$0.184,$0.15,-$0.28,"8 Buy
· 7 Hold
· 0 Sell",Buy,01/10/23,SDF
Value,$7.35,"0.07
(0.96%)","$7.35
-
$7.50","691,828","816,518","$5,087,973",$7.37,$7.30 - $7.40,$7.355,$7.28,6:58pm 03/11 (AEDT),+1.10%,-0.54%,-5.16%,+6.37%,+9.89%,+4.61%,"$3,559,434,149","117 of 2,408",27 of 573,"484,276,755",Financial Services,BOQ / VTS / NDQ,$0.403,$0.28,$1.027,"6 Buy
· 9 Hold
· 1 Sell",Buy,01/10/23,NHF
Value,$27.68,"0.48
(1.77%)","$27.50
-
$27.84","350,894","209,517","$9,731,976",$27.44,$27.23 - $27.92,$27.72,$27.20,6:58pm 03/11 (AEDT),+0.65%,-3.79%,+22.86%,+30.63%,+34.15%,+28.87%,"$3,000,667,562","135 of 2,408",35 of 573,"108,405,620",Financial Services,VHY / GOLD / AMP,$0.651,$0.64,-$6.245,"13 Buy
· 1 Hold
· 0 Sell",Strong Buy,01/10/23,AUB
Value,$4.36,"0.16
(-3.54%)","$4.25
-
$4.45","707,680","63,207","$3,121,579",$4.43,$4.20 - $4.45,$4.345,$4.52,6:58pm 03/11 (AEDT),-4.60%,-8.98%,-12.97%,-11.92%,-8.40%,-13.67%,"$1,567,332,687","233 of 2,408",61 of 573,"359,479,974",Financial Services,MFF / PPH / WAM,$0.157,$0.135,-$0.184,"8 Buy
· 3 Hold
· 0 Sell",Strong Buy,01/10/23,PSI
Value,$0.53,"0.01
(1.92%)","$0.52
-
$0.535","116,413","106,991","$61,305",$0.535,$0.525 - $0.535,$0.5265,$0.52,6:58pm 03/11 (AEDT),-1.85%,+7.07%,+13.98%,+9.28%,+12.80%,+7.52%,"$350,350,483","521 of 2,408",179 of 573,"661,038,648",Financial Services,F100 / ALI / WDIV,$0.033,$0.03,$0.692,,,,CVW
Value,$1.505,"0.00
(0.00)","$1.50
-
$1.55",0,"60,048",$0,‐,‐ - ‐,‐,$1.505,6:58pm 03/11 (AEDT),-2.90%,-5.05%,+21.37%,+29.18%,+32.70%,+27.43%,"$286,868,428","585 of 2,408",206 of 573,"190,610,251",Financial Services,IHD / PLUS / GBND,$0.024,$0.02,$0.295,"7 Buy
· 1 Hold
· 0 Sell",Strong Buy,01/10/23,GDG
Value,$45.50,"0.12
(0.26%)","$45.50
-
$45.52","6,766,318","7,345,298","$308,576,546",$45.80,$45.43 - $45.88,$45.61,$45.38,6:58pm 03/11 (AEDT),+1.27%,+2.02%,-0.28%,+19.80%,+5.93%,+18.05%,"$230,627,660,309","1 of 2,408",1 of 978,"5,068,739,787",Basic Materials,FMG / RIO / NCM,$2.547,$2.6143,$8.184,"11 Buy
· 9 Hold
· 3 Sell",Buy,01/10/23,BHP
Value,$23.23,"0.02
(-0.09%)","$23.15
-
$23.24","4,598,296","4,429,937","$106,123,851",$23.39,$23.06 - $23.47,$23.26,$23.25,6:58pm 03/11 (AEDT),+4.59%,+10.30%,+13.26%,+52.03%,+38.16%,+50.28%,"$71,524,355,045","7 of 2,408",2 of 978,"3,078,964,918",Basic Materials,RIO / NCM / NEM,$1.557,$1.75,$5.745,"2 Buy
· 3 Hold
· 15 Sell",Strong Sell,01/10/23,FMG
Value,$58.94,"0.69
(1.19%)","$58.50
-
$60.00","324,292","851,714","$19,134,266",$59.26,$58.50 - $59.45,$59.005,$58.25,6:58pm 03/11 (AEDT),-0.94%,-0.94%,-0.94%,-0.94%,-,-2.70%,"$20,786,006,847","20 of 2,408",5 of 978,"352,663,842",Basic Materials,NCM / JHX / S32,-$1.06,$0.00,$21.871,,,,NEM
Value,$122.60,"0.84
(0.69%)","$122.00
-
$122.68","1,560,659","1,213,521","$190,221,819",$121.54,$121.52 - $123.15,$122.52,$121.76,6:58pm 03/11 (AEDT),+4.19%,+6.76%,+5.32%,+35.38%,+21.51%,+33.63%,"$45,511,107,836","11 of 2,408",3 of 978,"371,216,214",Basic Materials,NCM / NEM / FMG,$5.27,$5.8738,$29.015,"12 Buy
· 5 Hold
· 1 Sell",Buy,01/10/23,RIO
Value,$13.79,"0.13
(0.95%)","$13.74
-
$13.79","4,111,185","2,242,606","$56,310,980",$13.67,$13.63 - $13.79,$13.715,$13.66,6:58pm 03/11 (AEDT),+1.70%,-2.96%,-22.09%,-19.92%,-33.79%,-21.67%,"$8,847,212,777","56 of 2,408",13 of 978,"641,567,279",Basic Materials,BSL / OZL / PMGOLD,$0.655,$0.7394,-$1.982,"1 Buy
· 6 Hold
· 6 Sell",Sell,01/10/23,AMC
Value,$41.10,"0.23
(0.56%)","$40.55
-
$41.80","984,502","1,015,583","$40,348,177",$41.56,$40.55 - $41.61,$41.00,$40.87,6:58pm 03/11 (AEDT),+6.09%,+0.98%,+55.68%,+24.36%,+10.48%,+22.60%,"$17,992,463,642","25 of 2,408",6 of 978,"437,772,838",Basic Materials,NEM / NCM / S32,$1.14,$0.00,$2.866,"14 Buy
· 3 Hold
· 1 Sell",Strong Buy,01/10/23,JHX
Value,$3.32,"0.00
(0.00)","$3.31
-
$3.33","9,145,589","16,906,395","$30,433,783",$3.35,$3.31 - $3.36,$3.33,$3.32,6:58pm 03/11 (AEDT),+2.47%,-4.87%,-17.00%,-9.78%,-23.66%,-11.54%,"$15,037,138,446","30 of 2,408",7 of 978,"4,529,258,568",Basic Materials,NST / JHX / MIN,-$0.038,$0.1232,$2.017,"14 Buy
· 5 Hold
· 0 Sell",Strong Buy,01/10/23,S32
Value,$11.62,"0.04
(0.35%)","$11.60
-
$11.62","4,386,552","5,248,814","$50,875,209",$11.58,$11.47 - $11.67,$11.585,$11.58,6:58pm 03/11 (AEDT),-3.17%,+10.77%,+6.51%,+34.34%,+20.46%,+32.58%,"$13,353,949,368","35 of 2,408",8 of 978,"1,149,221,116",Basic Materials,MIN / S32 / PLS,$0.503,$0.265,$7.315,"10 Buy
· 8 Hold
· 0 Sell",Buy,01/10/23,NST
Value,$61.07,"1.42
(2.38%)","$61.00
-
$61.60","780,159","961,879","$47,903,241",$61.35,$61.07 - $61.94,$61.40,$59.65,7:57pm 03/11 (AEDT),+3.33%,-9.57%,-20.89%,-13.02%,-26.89%,-14.77%,"$11,920,035,158","39 of 2,408",9 of 978,"195,186,428",Basic Materials,PLS / NST / PMGOLD,$3.805,$1.90,$17.689,"13 Buy
· 4 Hold
· 3 Sell",Buy,01/10/23,MIN
Value,$3.75,"0.11
(3.02%)","$3.74
-
$3.75","32,842,788","31,521,298","$124,051,190",$3.77,$3.71 - $3.85,$3.775,$3.64,6:58pm 03/11 (AEDT),-2.85%,-10.93%,0.00,-25.45%,-39.32%,-27.20%,"$11,285,484,975","43 of 2,408",10 of 978,"3,009,462,660",Basic Materials,MIN / PMGOLD / OZL,$0.789,$0.25,$1.126,"11 Buy
· 8 Hold
· 2 Sell",Buy,01/10/23,PLS
Value,$34.36,"0.41
(1.21%)","$33.00
-
$36.08","69,788","224,082","$2,403,658",$34.47,$34.36 - $34.75,$34.44,$33.95,6:58pm 03/11 (AEDT),+2.41%,+4.98%,+26.05%,+32.87%,+28.01%,+31.12%,"$977,544,268","293 of 2,408",13 of 97,"28,450,066",Communication Services,TUA / ABB / OML,$0.26,$0.2133,$0.763,"11 Buy
· 2 Hold
· 0 Sell",Strong Buy,01/10/23,NWS
Value,$32.00,"0.26
(-0.81%)","‐
-
‐",175,"13,181","$5,628",$32.25,$32.00 - $32.25,$32.16,$32.26,6:58pm 03/11 (AEDT),-0.62%,+3.23%,+23.08%,+24.13%,-,+22.37%,"$123,648,096","869 of 2,408",-,"3,864,003",N/A,-,$0.26,$0.2133,$0.763,,,,NWSLV
Value,$155.40,"3.31
(2.18%)","$154.00
-
$156.65","189,854","181,347","$29,490,876",$155.00,$153.48 - $156.48,$155.335,$152.09,6:58pm 03/11 (AEDT),+5.51%,+1.02%,+40.25%,+31.75%,+26.90%,+30.00%,"$20,531,015,522","22 of 2,408",2 of 97,"132,117,217",Communication Services,CAR / TPG / SPK,$2.695,$1.58,$4.479,"3 Buy
· 9 Hold
· 7 Sell",Sell,01/10/23,REA
Value,$28.65,"0.09
(0.32%)","$28.15
-
$28.97","960,407","1,226,651","$27,602,775",$29.02,$28.57 - $29.13,$28.74,$28.56,6:58pm 03/11 (AEDT),+2.91%,+3.96%,+38.99%,+38.06%,+33.21%,+36.31%,"$10,801,547,364","45 of 2,408",3 of 97,"377,017,360",Communication Services,TPG / SPK / SEK,$1.811,$0.61,-$2.949,"13 Buy
· 7 Hold
· 0 Sell",Buy,01/10/23,CAR
Value,$21.80,"0.16
(0.74%)","$21.60
-
$22.18","986,774","840,007","$21,538,807",$21.89,$21.65 - $22.04,$21.83,$21.64,6:58pm 03/11 (AEDT),+4.86%,-1.62%,+4.06%,+0.65%,-4.21%,-1.11%,"$7,765,600,142","68 of 2,408",6 of 97,"356,220,190",Communication Services,SPK / TPG / CAR,$0.564,$0.47,$0.19,"10 Buy
· 5 Hold
· 2 Sell",Buy,01/10/23,SEK
Value,$1.915,"0.035
(1.86%)","$1.905
-
$1.925","1,942,500","2,908,145","$3,722,481",$1.91,$1.9025 - $1.93,$1.9165,$1.88,6:58pm 03/11 (AEDT),+5.22%,-6.59%,+4.08%,-9.24%,-14.10%,-11.00%,"$3,114,308,188","132 of 2,408",9 of 97,"1,626,270,594",Communication Services,CNU / VOC / UWL,$0.11,$0.11,-$0.471,"9 Buy
· 5 Hold
· 0 Sell",Buy,01/10/23,NEC
Value,$3.60,"0.00
(0.00)","$3.58
-
$3.62","1,181,415","723,777","$4,299,739",$3.63,$3.60 - $3.71,$3.64,$3.60,6:58pm 03/11 (AEDT),+1.69%,-7.93%,+32.84%,+8.11%,+3.25%,+6.35%,"$2,273,965,751","172 of 2,408",11 of 97,"631,657,153",Communication Services,EVT / CNU / NEC,$0.058,$0.06,-$0.449,"1 Buy
· 10 Hold
· 6 Sell",Sell,01/10/23,DHG
Value,$10.85,"0.13
(1.21%)","$10.75
-
$11.00","142,629","118,664","$1,552,445",$10.93,$10.77 - $11.04,$10.885,$10.72,6:58pm 03/11 (AEDT),+3.93%,-0.73%,-14.77%,-25.89%,-30.74%,-27.64%,"$1,760,687,623","204 of 2,408",12 of 97,"162,275,357",Communication Services,DHG / NWS / TUA,$0.655,$0.46,$2.347,"6 Buy
· 4 Hold
· 0 Sell",Buy,01/10/23,EVT
Value,$1.345,"0.03
(2.28%)","$1.31
-
$1.39","265,533","602,027","$355,796",$1.33,$1.325 - $1.355,$1.34,$1.315,6:58pm 03/11 (AEDT),+3.46%,-4.95%,+4.67%,+3.07%,-1.79%,+1.31%,"$724,660,830","354 of 2,408",16 of 97,"538,781,286",Communication Services,OPC / MNF / ABB,$0.054,$0.0475,$0.112,"6 Buy
· 4 Hold
· 0 Sell",Buy,01/10/23,OML
Value,$0.27,"0.005
(1.89%)","$0.265
-
$0.27","1,044,006","1,128,745","$281,155",$0.27,$0.265 - $0.275,$0.2695,$0.265,6:58pm 03/11 (AEDT),+1.89%,-11.48%,-31.65%,-44.90%,-49.75%,-46.65%,"$419,464,235","467 of 2,408",21 of 97,"1,553,571,241",Communication Services,HTA / SKT / HT1,$0.092,$0.00,-$0.216,"1 Buy
· 9 Hold
· 6 Sell",Sell,01/10/23,SWM
Value,$6.88,"0.10
(1.48%)","$6.87
-
$6.93","445,370","389,981","$3,052,915",$6.79,$6.79 - $6.93,$6.855,$6.78,6:58pm 03/11 (AEDT),+5.20%,+0.58%,-7.77%,-4.58%,-,-6.33%,"$8,576,260,182","59 of 2,408",13 of 573,"1,246,549,445",Financial Services,MPL / ARG / MGOC,$0.00,$0.25,$0.00,,,,AFI
Value,$8.47,"0.07
(0.83%)","$8.42
-
$8.50","272,957","236,408","$2,312,000",$8.45,$8.45 - $8.51,$8.47,$8.40,6:58pm 03/11 (AEDT),+2.29%,-1.74%,-5.26%,-4.29%,-,-6.05%,"$6,424,997,686","80 of 2,408",14 of 573,"758,559,349",Financial Services,MGOC / VGS / IVV,$0.00,$0.345,$0.00,,,,ARG
Value,$1.78,"0.01
(0.57%)","$1.78
-
$1.785","2,013,454","2,651,605","$3,596,871",$1.79,$1.78 - $1.795,$1.7865,$1.77,6:58pm 03/11 (AEDT),+2.01%,+8.21%,+25.80%,+32.84%,-,+31.08%,"$2,520,346,863","155 of 2,408",42 of 573,"1,415,925,204",Financial Services,ETHI / BFL / VGAD,$0.00,$0.0735,$0.00,,,,MGF
Value,$2.02,"0.00
(0.00)","$2.02
-
$2.03","1,130,653","1,119,174","$2,290,677",$2.03,$2.02 - $2.03,$2.025,$2.02,6:58pm 03/11 (AEDT),0.00,0.00,+3.32%,+6.32%,-,+4.56%,"$1,783,487,246","199 of 2,408",54 of 573,"882,914,478",Financial Services,LSF / WLE / PNI,$0.00,$0.172,$0.00,,,,MXT
Value,$1.38,"0.00
(0.00)","$1.38
-
$1.385","968,339","758,688","$1,341,733",$1.39,$1.375 - $1.395,$1.3855,$1.38,6:58pm 03/11 (AEDT),0.00,-8.61%,-5.80%,-10.10%,-,-11.85%,"$1,738,802,034","207 of 2,408",56 of 573,"1,260,001,474",Financial Services,PNI / VAF / LSF,$0.00,$0.13,$0.294,,,,WLE
Value,$2.86,"0.06
(2.14%)","$2.82
-
$2.86","533,122","379,764","$1,509,543",$2.81,$2.80 - $2.86,$2.83,$2.80,6:58pm 03/11 (AEDT),+5.15%,+1.42%,+3.25%,+16.26%,-,+14.51%,"$1,771,649,131","201 of 2,408",55 of 573,"619,457,738",Financial Services,MXT / WLE / PNI,$0.00,$0.105,$0.00,,,,LSF
Value,$1.54,"0.03
(1.99%)","$1.54
-
$1.56","692,079","983,308","$1,060,390",$1.52,$1.52 - $1.56,$1.532,$1.51,6:58pm 03/11 (AEDT),+3.70%,-10.20%,-4.94%,-9.41%,-,-11.17%,"$1,704,802,211","215 of 2,408",59 of 573,"1,107,014,423",Financial Services,VAF / PNI / WLE,$0.00,$0.155,$0.00,,,,WAM
Value,$2.82,"0.02
(0.71%)","$2.82
-
$2.83","203,553","260,725","$575,925",$2.83,$2.82 - $2.84,$2.83,$2.80,6:58pm 03/11 (AEDT),+0.36%,-4.73%,+23.68%,+21.03%,-,+19.28%,"$1,625,761,257","222 of 2,408",60 of 573,"576,511,084",Financial Services,PSI / WAM / VAF,$0.00,$0.095,$0.00,,,,MFF
Value,$1.705,"0.00
(0.00)","$1.70
-
$1.71","118,615","240,370","$202,279",$1.70,$1.70 - $1.71,$1.7055,$1.705,6:58pm 03/11 (AEDT),-0.29%,-1.73%,-5.01%,+0.29%,-,-1.46%,"$1,368,816,518","251 of 2,408",64 of 573,"802,824,937",Financial Services,IFL / IXJ / MFG,$0.00,$0.082,$0.00,,,,BKI
Value,$9.49,"0.01
(0.11%)","$9.49
-
$9.53","20,678","19,628","$196,547",$9.48,$9.48 - $9.53,$9.505,$9.48,6:58pm 03/11 (AEDT),+0.53%,-1.35%,-0.52%,+2.15%,-,+0.40%,"$1,200,307,679","269 of 2,408",70 of 573,"126,481,315",Financial Services,QPON / LFG / HLI,$0.00,$0.37,$0.00,,,,AUI
Value,$244.00,"5.90
(2.48%)","$243.95
-
$244.10","1,098,729","940,363","$269,328,077",$239.99,$239.60 - $244.155,$243.065,$238.10,6:58pm 03/11 (AEDT),+4.12%,-0.96%,-15.21%,-12.34%,-2.22%,-14.09%,"$117,867,820,228","3 of 2,408",1 of 219,"483,064,837",Healthcare,COH / SHL / RMD,$4.53,$3.6292,-$1.366,"17 Buy
· 3 Hold
· 0 Sell",Strong Buy,01/10/23,CSL
Value,$9.24,"0.14
(1.54%)","$9.20
-
$9.27","857,962","1,053,843","$7,981,502",$9.24,$9.18 - $9.445,$9.305,$9.10,6:58pm 03/11 (AEDT),+6.82%,-18.95%,+27.10%,+36.08%,+46.20%,+34.33%,"$2,987,888,488","137 of 2,408",9 of 219,"323,364,555",Healthcare,ANN / SNZ / NEU,-$0.149,$0.00,$0.028,"10 Buy
· 1 Hold
· 1 Sell",Strong Buy,01/10/23,TLX
Value,$12.25,"0.96
(8.50%)","$12.08
-
$12.39","1,682,266","443,894","$21,465,416",$12.41,$12.075 - $13.92,$12.745,$11.29,6:58pm 03/11 (AEDT),+20.33%,+9.57%,+54.09%,+63.33%,+73.45%,+61.58%,"$1,550,429,531","236 of 2,408",12 of 219,"126,565,676",Healthcare,NAN / HLS / SNZ,$0.436,$0.00,$0.322,"7 Buy
· 1 Hold
· 1 Sell",Buy,01/10/23,NEU
Value,$15.46,"0.53
(3.55%)","$15.46
-
$15.59","49,371","74,633","$762,357",$15.05,$15.05 - $15.63,$15.44,$14.93,6:58pm 03/11 (AEDT),+0.85%,+4.88%,-28.66%,-20.72%,-10.60%,-22.47%,"$763,883,825","342 of 2,408",18 of 219,"49,410,338",Healthcare,REG / API / EHE,$0.591,$0.05,$3.328,"6 Buy
· 1 Hold
· 0 Sell",Strong Buy,01/10/23,CUV
Value,$3.25,"0.08
(2.52%)","$3.24
-
$3.28","142,616","274,450","$471,058",$3.30,$3.25 - $3.35,$3.305,$3.17,6:58pm 03/11 (AEDT),+6.21%,-27.29%,+65.82%,+115.95%,+126.06%,+114.19%,"$193,832,454","710 of 2,408",48 of 219,"59,640,755",Healthcare,BOT / ONT / CAJ,-$0.244,$0.00,$0.662,"13 Buy
· 1 Hold
· 0 Sell",Strong Buy,01/10/23,AVH
Value,$0.30,"0.00
(0.00)","$0.30
-
$0.31","843,810","1,898,613","$261,252",$0.305,$0.30 - $0.3175,$0.3095,$0.30,6:58pm 03/11 (AEDT),-3.23%,+5.26%,+10.81%,-4.77%,+5.34%,-6.53%,"$356,650,368","512 of 2,408",27 of 219,"1,188,834,559",Healthcare,IMU / AFP / JHC,-$0.045,$0.00,$0.107,"8 Buy
· 1 Hold
· 0 Sell",Strong Buy,01/10/23,IMM
Value,$3.20,"0.00
(0.00)","$3.09
-
$3.20","2,500",569,"$8,000",$3.20,$3.20 - $3.20,$3.20,$3.20,6:58pm 03/11 (AEDT),0.00,-5.33%,-5.88%,-1.23%,+8.88%,-2.99%,"$335,572,032","530 of 2,408",29 of 219,"104,866,260",Healthcare,IMU / MYX / IMM,$0.10,$0.0069,$0.264,"5 Buy
· 2 Hold
· 0 Sell",Strong Buy,01/10/23,AFP
Value,$0.37,"0.005
(1.37%)","$0.37
-
$0.375","1,608,612","1,159,621","$593,995",$0.37,$0.36 - $0.375,$0.3695,$0.365,6:58pm 03/11 (AEDT),0.00,-3.90%,-57.47%,-60.43%,-50.31%,-62.18%,"$301,255,785","566 of 2,408",32 of 219,"814,204,825",Healthcare,CAU / AVR / CU6,-$0.111,$0.00,-$0.093,"7 Buy
· 2 Hold
· 1 Sell",Buy,01/10/23,MSB
Value,$3.72,"0.03
(0.81%)","$3.64
-
$3.82","133,137","364,295","$499,472",$3.59,$3.59 - $3.82,$3.75,$3.69,6:58pm 03/11 (AEDT),-2.87%,+13.76%,-7.00%,-34.74%,-24.62%,-36.49%,"$316,476,351","547 of 2,408",30 of 219,"85,074,288",Healthcare,AVR / MSB / CAU,-$3.86,$0.00,$0.201,"0 Buy
· 3 Hold
· 5 Sell",Strong Sell,01/10/23,MYX
Value,$0.048,"0.005
(11.63%)","$0.047
-
$0.048","31,216,017","23,908,889","$1,450,452",$0.043,$0.043 - $0.049,$0.0465,$0.043,6:58pm 03/11 (AEDT),+14.29%,-4.00%,-66.90%,-74.74%,-64.62%,-76.49%,"$343,918,793","525 of 2,408",28 of 219,"7,164,974,859",Healthcare,AFP / IMM / MYX,-$0.006,$0.00,$0.00,"5 Buy
· 1 Hold
· 0 Sell",Strong Buy,01/10/23,IMU
Value,$6.38,"0.07
(1.11%)","$6.34
-
$6.50","2,122,244","2,393,321","$13,584,835",$6.31,$6.30 - $6.52,$6.40,$6.31,6:58pm 03/11 (AEDT),+1.27%,-10.27%,-18.62%,-18.62%,-17.12%,-20.38%,"$4,399,853,736","105 of 2,408",9 of 99,"689,632,247",Real Estate,CHC / SCP / NSR,-$0.34,$0.16,$7.801,"6 Buy
· 5 Hold
· 2 Sell",Hold,01/10/23,LLC
Value,$11.54,"0.01
(-0.09%)","$11.37
-
$11.60","206,392","381,856","$2,377,807",$11.74,$11.36 - $11.74,$11.52,$11.55,6:58pm 03/11 (AEDT),+6.56%,+0.61%,-3.43%,-23.17%,-21.67%,-24.92%,"$2,046,625,612","180 of 2,408",16 of 99,"177,350,573",Real Estate,AVN / BWP / CIP,-$0.123,$0.00,-$1.742,"10 Buy
· 1 Hold
· 1 Sell",Strong Buy,01/10/23,PXA
Value,$16.80,"0.26
(1.57%)","$16.00
-
$16.86","132,386","227,304","$2,225,714",$16.79,$16.67 - $16.92,$16.81,$16.54,6:58pm 03/11 (AEDT),+8.60%,+4.87%,-11.90%,-0.88%,+0.62%,-2.64%,"$1,756,358,201","205 of 2,408",20 of 99,"104,545,131",Real Estate,INA / CQR / CIP,$0.78,$0.115,$5.02,"7 Buy
· 4 Hold
· 0 Sell",Buy,01/10/23,LIC
Value,$0.52,"0.00
(0.00)","$0.51
-
$0.53",0,"10,468",$0,‐,‐ - ‐,‐,$0.52,6:58pm 03/11 (AEDT),+1.96%,-8.77%,-5.88%,-4.59%,-3.09%,-6.34%,"$271,378,205","599 of 2,408",54 of 99,"521,881,164",Real Estate,SRV / APZ / APD,$0.051,$0.04,$1.078,,,,UOS
Value,$2.43,"0.00
(0.00)","‐
-
$2.42",0,187,$0,‐,‐ - ‐,‐,$2.43,6:58pm 03/11 (AEDT),+0.83%,+0.83%,-10.66%,-6.54%,-5.04%,-8.29%,"$720,771,378","355 of 2,408",37 of 99,"296,613,736",Real Estate,COF / RFF / QAL,$0.21,$0.0387,$1.712,"4 Buy
· 1 Hold
· 0 Sell",Strong Buy,01/10/23,WTN
Value,$2.34,"0.04
(1.74%)","$2.28
-
$2.35","23,634","96,120","$54,606",$2.315,$2.27 - $2.35,$2.31,$2.30,6:58pm 03/11 (AEDT),+0.43%,+4.46%,-16.43%,-6.02%,-,-7.78%,"$692,677,564","368 of 2,408",40 of 99,"296,016,053",Real Estate,RFF / COF / WTN,$0.076,$0.075,$1.209,"6 Buy
· 1 Hold
· 0 Sell",Strong Buy,01/10/23,QAL
Value,$1.18,"0.00
(0.00)","$1.18
-
$1.20",0,"89,161",$0,‐,‐ - ‐,‐,$1.18,6:58pm 03/11 (AEDT),-0.84%,-3.28%,+4.42%,+5.83%,+7.33%,+4.08%,"$555,401,471","404 of 2,408",43 of 99,"470,679,213",Real Estate,PWG / HPI / AQR,$0.139,$0.075,$0.099,,,,PPC
Value,$4.60,"0.05
(1.10%)","$4.52
-
$4.60","31,555","42,038","$145,351",$4.57,$4.55 - $4.66,$4.605,$4.55,6:58pm 03/11 (AEDT),+7.23%,+0.66%,+6.24%,+15.00%,+16.50%,+13.25%,"$379,124,723","499 of 2,408",46 of 99,"82,418,418",Real Estate,REP / DXC / CDP,$0.38,$0.20,$0.733,"4 Buy
· 4 Hold
· 0 Sell",Buy,01/10/23,CWP
Value,$2.90,"0.03
(-1.02%)","$2.90
-
$3.01","38,533","12,691","$111,983",$2.92,$2.89 - $2.93,$2.905,$2.93,6:58pm 03/11 (AEDT),0.00,-4.61%,-10.22%,-14.71%,-13.21%,-16.46%,"$281,069,125","591 of 2,408",53 of 99,"96,920,388",Real Estate,UOS / APZ / APD,$0.306,$0.22,$0.947,"7 Buy
· 1 Hold
· 0 Sell",Strong Buy,01/10/23,SRV
Value,$0.65,"0.005
(0.78%)","$0.645
-
$0.69","171,941","20,661","$111,491",$0.65,$0.64 - $0.66,$0.6485,$0.645,6:58pm 03/11 (AEDT),0.00,-0.76%,+3.17%,-2.99%,-1.49%,-4.74%,"$176,880,042","732 of 2,408",62 of 99,"272,123,142",Real Estate,NPR / AOF / WOT,$0.012,$0.00,$0.882,,,,FRI
Value,$3.90,"0.42
(12.07%)","$3.90
-
$3.98","1,270,163","1,236,910","$4,953,904",$3.65,$3.65 - $4.02,$3.90,$3.48,7:53pm 03/11 (AEDT),+2.09%,+16.07%,+20.00%,+32.20%,+15.59%,+30.45%,"$732,632,800","351 of 2,408",21 of 239,"187,854,564",Technology,FCL / NTO / IFM,-$0.222,$0.00,$0.451,,,,WBT
Value,$0.125,"0.01
(8.70%)","$0.125
-
$0.13","6,817,292","5,315,701","$870,131",$0.115,$0.115 - $0.135,$0.1275,$0.115,6:58pm 03/11 (AEDT),+13.64%,-7.41%,+247.22%,+400.00%,+383.39%,+398.25%,"$218,392,907","673 of 2,408",46 of 239,"1,747,143,252",Technology,QOR / EPD / DUG,-$0.004,$0.00,$0.003,,,,4DS
Value,$0.41,"0.01
(2.50%)","$0.40
-
$0.41","81,947","163,552","$32,936",$0.40,$0.40 - $0.41,$0.402,$0.40,6:58pm 03/11 (AEDT),+2.50%,-18.81%,-33.33%,-39.26%,-53.13%,-41.01%,"$104,487,275","908 of 2,408",67 of 239,"254,847,013",Technology,CRO / PX1 / LME,-$0.036,$0.00,$0.101,,,,AXE
Value,$0.061,"0.003
(-4.69%)","$0.06
-
$0.061","3,486,425","2,227,246","$217,614",$0.064,$0.059 - $0.065,$0.0625,$0.064,6:58pm 03/11 (AEDT),+8.93%,+52.50%,+134.73%,+110.45%,+93.84%,+108.70%,"$93,210,785","939 of 2,408",73 of 239,"1,528,045,654",Technology,VLT / PTG / WCG,-$0.009,$0.00,$0.009,,,,BLG
Value,$0.17,"0.005
(3.03%)","$0.155
-
$0.17","12,400","21,843","$2,016",$0.15,$0.15 - $0.17,$0.1625,$0.165,6:58pm 03/11 (AEDT),-2.86%,+47.83%,+30.77%,+30.77%,+14.15%,+29.02%,"$18,005,831","1,585 of 2,408",141 of 239,"105,916,654",Technology,CF1 / FLX / VIG,-$0.068,$0.00,$0.057,,,,RVS
Value,$0.003,"0.001
(-25.00%)","$0.003
-
$0.004","6,371,418","291,437","$21,253",$0.004,$0.003 - $0.004,$0.0035,$0.004,6:58pm 03/11 (AEDT),-25.00%,0.00,-94.23%,-96.20%,-112.82%,-97.96%,"$2,305,138","2,325 of 2,408",228 of 239,"768,379,278",Technology,DC2 / SIS / AO1,-$0.031,$0.00,$0.014,,,,PVS
Value,$60.05,"0.07
(0.12%)","$59.88
-
$61.00","453,986","553,763","$27,360,969",$60.61,$59.79 - $60.96,$60.205,$59.98,6:58pm 03/11 (AEDT),+2.13%,-7.01%,+18.33%,+4.80%,-11.82%,+3.05%,"$20,015,583,165","23 of 2,408",1 of 239,"333,315,290",Technology,APT / XRO / NXT,$0.693,$0.15,-$0.893,"10 Buy
· 8 Hold
· 1 Sell",Buy,01/10/23,WTC
Value,$112.29,"1.54
(1.39%)","$111.95
-
$112.60","326,421","381,557","$36,711,769",$113.50,$110.37 - $113.67,$112.515,$110.75,6:58pm 03/11 (AEDT),+5.63%,-0.58%,+59.80%,+51.56%,+34.94%,+49.81%,"$17,008,348,345","27 of 2,408",3 of 239,"151,468,059",Technology,APT / WTC / NXT,-$0.711,$0.00,$0.556,"15 Buy
· 4 Hold
· 2 Sell",Buy,01/10/23,XRO
Value,$12.45,"0.21
(1.72%)","$12.40
-
$12.57","1,000,437","1,105,434","$12,473,859",$12.43,$12.34 - $12.55,$12.47,$12.24,6:58pm 03/11 (AEDT),+4.97%,+0.57%,+38.08%,+48.53%,+31.92%,+46.78%,"$6,408,112,085","81 of 2,408",4 of 239,"514,707,798",Technology,ALU / TNE / DDR,-$0.009,$0.00,$4.315,"18 Buy
· 1 Hold
· 1 Sell",Strong Buy,01/10/23,NXT
Value,$40.81,"0.12
(-0.29%)","$40.70
-
$41.48","587,422","305,331","$24,100,381",$41.50,$40.67 - $41.55,$41.03,$40.93,6:58pm 03/11 (AEDT),+1.19%,-4.81%,+16.33%,+14.51%,-2.11%,+12.75%,"$5,383,934,259","91 of 2,408",5 of 239,"131,926,838",Technology,TNE / NXT / DDR,$0.499,$0.54,$0.091,"9 Buy
· 8 Hold
· 3 Sell",Hold,01/10/23,ALU
Value,$15.23,"0.07
(0.46%)","$15.15
-
$15.50","557,360","582,802","$8,495,926",$15.34,$15.11 - $15.41,$15.245,$15.16,6:58pm 03/11 (AEDT),+2.01%,-1.36%,+15.91%,+24.33%,+7.71%,+22.57%,"$4,944,796,107","98 of 2,408",6 of 239,"324,674,728",Technology,ALU / NXT / DDR,$0.298,$0.1744,$0.162,"8 Buy
· 7 Hold
· 2 Sell",Buy,01/10/23,TNE
Value,$10.15,"0.22
(2.22%)","$10.09
-
$10.20","646,712","1,078,817","$6,570,826",$10.10,$10.04 - $10.35,$10.16,$9.93,6:58pm 03/11 (AEDT),+5.40%,-14.27%,+60.86%,+71.45%,+54.84%,+69.70%,"$1,614,491,622","224 of 2,408",8 of 239,"159,063,214",Technology,360 / MAQ / CDA,-$0.268,$0.00,$0.461,"11 Buy
· 5 Hold
· 1 Sell",Buy,01/10/23,MP1
Value,$7.81,"0.00
(0.00)","$7.73
-
$7.86","436,263","517,440","$3,451,791",$7.92,$7.69 - $8.07,$7.91,$7.81,6:58pm 03/11 (AEDT),+4.55%,-6.58%,+60.70%,+15.36%,-1.25%,+13.61%,"$1,582,839,236","229 of 2,408",9 of 239,"202,668,276",Technology,MP1 / MAQ / CDA,-$0.277,$0.00,$0.29,"9 Buy
· 1 Hold
· 0 Sell",Strong Buy,01/10/23,360
Value,$63.66,"0.46
(0.73%)","$63.19
-
$65.36","15,035","10,701","$966,170",$63.45,$63.35 - $65.08,$64.26,$63.20,6:58pm 03/11 (AEDT),+2.76%,+1.48%,+6.99%,+9.01%,-,+7.25%,"$1,549,756,101","237 of 2,408",10 of 239,"24,344,268",Technology,360 / MP1 / CDA,$0.816,$0.00,$12.358,"7 Buy
· 1 Hold
· 2 Sell",Buy,01/10/23,MAQ
Value,$4.32,"0.07
(1.65%)","$4.30
-
$4.34","341,078","674,017","$1,486,124",$4.47,$4.30 - $4.50,$4.355,$4.25,6:58pm 03/11 (AEDT),+9.92%,-6.49%,+42.11%,+44.48%,-,+42.73%,"$1,188,285,578","271 of 2,408",12 of 239,"275,066,106",Technology,ISX / SP1 / DTL,-$0.19,$0.00,$0.102,"14 Buy
· 4 Hold
· 1 Sell",Buy,01/10/23,SDR
Value,$7.23,"0.08
(1.12%)","$7.10
-
$7.24","640,561","313,561","$4,620,996",$7.20,$7.11 - $7.29,$7.215,$7.15,6:58pm 03/11 (AEDT),+0.98%,+4.93%,+6.79%,+4.78%,-11.83%,+3.03%,"$1,118,510,383","280 of 2,408",15 of 239,"154,704,064",Technology,AD8 / ISX / SP1,$0.239,$0.219,$0.343,"7 Buy
· 3 Hold
· 2 Sell",Buy,01/10/23,DTL
Value,$11.06,"0.14
(1.28%)","$11.05
-
$11.08","349,809","161,092","$3,851,619",$11.00,$10.95 - $11.14,$11.01,$10.92,6:58pm 03/11 (AEDT),+10.60%,+15.57%,+8.54%,+10.49%,-6.13%,+8.74%,"$1,993,491,263","186 of 2,408",7 of 239,"180,243,333",Technology,MP1 / 360 / MAQ,$0.428,$0.355,$1.277,"7 Buy
· 3 Hold
· 0 Sell",Strong Buy,01/10/23,DDR
Value,$8.00,"0.01
(-0.13%)","$7.85
-
$8.14","219,800","309,693","$1,766,131",$8.09,$7.96 - $8.15,$8.035,$8.01,6:58pm 03/11 (AEDT),-0.37%,+2.96%,+95.12%,+99.50%,+82.89%,+97.75%,"$1,450,528,904","246 of 2,408",11 of 239,"181,316,113",Technology,MAQ / 360 / MP1,$0.374,$0.185,$0.73,"8 Buy
· 2 Hold
· 0 Sell",Strong Buy,01/10/23,CDA
Value,$13.22,"0.42
(-3.08%)","$13.22
-
$13.49","78,352","159,319","$1,045,137",$13.51,$13.20 - $13.63,$13.34,$13.64,6:58pm 03/11 (AEDT),-1.20%,-0.15%,+76.74%,+61.22%,+44.61%,+59.47%,"$1,098,698,812","283 of 2,408",16 of 239,"83,108,836",Technology,DTL / HSN / NEA,-$0.035,$0.00,$0.671,"8 Buy
· 2 Hold
· 1 Sell",Buy,01/10/23,AD8
Value,$0.735,"0.015
(2.08%)","$0.735
-
$0.74","3,215,285","3,499,647","$2,404,135",$0.75,$0.735 - $0.76,$0.7475,$0.72,6:58pm 03/11 (AEDT),0.00,-9.82%,-50.00%,-71.06%,-87.68%,-72.82%,"$359,128,493","511 of 2,408",33 of 239,"488,610,194",Technology,OTW / RUL / BVS,-$0.15,$0.00,$0.439,"0 Buy
· 3 Hold
· 4 Sell",Strong Sell,01/10/23,NVX
Value,$0.355,"0.015
(4.41%)","$0.34
-
$0.355","54,793","65,668","$18,988",$0.35,$0.34 - $0.355,$0.3465,$0.34,6:58pm 03/11 (AEDT),-1.39%,+7.58%,+39.22%,+37.86%,+21.25%,+36.11%,"$124,375,315","847 of 2,408",62 of 239,"350,353,001",Technology,EOL / PYG / MSL,$0.002,$0.00,$0.022,"5 Buy
· 1 Hold
· 0 Sell",Strong Buy,01/10/23,SPZ
Value,$0.60,"0.02
(3.45%)","$0.585
-
$0.61","70,750","152,866","$42,718",$0.60,$0.59 - $0.62,$0.604,$0.58,6:58pm 03/11 (AEDT),+1.69%,-4.76%,-13.81%,-36.13%,-,-37.88%,"$110,778,704","885 of 2,408",65 of 239,"184,631,174",Technology,LME / AXE / CRO,-$0.023,$0.00,$0.05,"4 Buy
· 2 Hold
· 0 Sell",Buy,01/10/23,ERD
Value,$0.58,"0.00
(0.00)","$0.575
-
$0.595",0,"3,478",$0,‐,‐ - ‐,‐,$0.58,6:58pm 03/11 (AEDT),+0.87%,-2.52%,-33.71%,-38.62%,-,-40.38%,"$99,693,360","922 of 2,408",70 of 239,"171,885,104",Technology,PX1 / ACE / CRO,-$0.064,$0.00,$0.362,,,,RWL
Value,$0.17,"0.00
(0.00)","$0.16
-
$0.175","293,687","334,390","$49,927",$0.17,$0.17 - $0.17,$0.17,$0.17,6:58pm 03/11 (AEDT),+3.03%,-5.56%,-43.33%,-41.38%,-57.99%,-43.13%,"$86,793,763","968 of 2,408",79 of 239,"510,551,547",Technology,EIQ / IHR / DTS,-$0.014,$0.00,$0.00,,,,DTZ
Value,$0.50,"0.00
(0.00)","$0.50
-
$0.55","3,572","17,599","$1,786",$0.50,$0.50 - $0.50,$0.50,$0.50,6:58pm 03/11 (AEDT),-8.26%,-13.04%,-39.76%,-37.50%,-54.12%,-39.25%,"$80,012,169","995 of 2,408",82 of 239,"160,024,338",Technology,FCT / NNT / IHR,-$0.05,$0.00,$0.13,"4 Buy
· 1 Hold
· 0 Sell",Strong Buy,01/10/23,IKE
Value,$0.55,"0.02
(3.77%)","$0.53
-
$0.56","10,112","67,243","$5,521",$0.53,$0.53 - $0.55,$0.546,$0.53,6:58pm 03/11 (AEDT),+1.85%,-28.10%,+59.42%,+25.00%,+8.39%,+23.25%,"$73,798,794","1,026 of 2,408",86 of 239,"134,179,626",Technology,CCR / DUB / EVS,-$0.034,$0.00,$0.063,,,,SMN
Value,$3.87,"0.02
(0.52%)","$3.86
-
$3.87","18,047,148","20,520,799","$69,878,775",$3.88,$3.855 - $3.89,$3.87,$3.85,6:58pm 03/11 (AEDT),+1.57%,+0.78%,-3.01%,-1.78%,-,-3.53%,"$44,715,633,856","12 of 2,408",1 of 97,"11,554,427,353",Communication Services,REA / CAR / TPG,$0.167,$0.17,$0.382,"14 Buy
· 2 Hold
· 1 Sell",Strong Buy,01/10/23,TLS
Value,$5.29,"0.04
(0.76%)","$5.26
-
$5.33","11,033,733","1,355,889","$58,446,829",$5.33,$5.28 - $5.35,$5.30,$5.25,6:58pm 03/11 (AEDT),+3.12%,-3.29%,+8.18%,+10.90%,-,+9.15%,"$9,835,917,429","51 of 2,408",4 of 97,"1,859,341,669",Communication Services,CAR / SPK / SEK,$0.212,$0.18,-$0.41,"6 Buy
· 7 Hold
· 1 Sell",Buy,01/10/23,TPG
Value,$4.62,"0.01
(-0.22%)","$4.59
-
$4.63","610,921","835,374","$2,822,108",$4.65,$4.59 - $4.66,$4.62,$4.63,6:58pm 03/11 (AEDT),+2.44%,+3.82%,-7.97%,-0.43%,-,-2.19%,"$8,455,050,094","61 of 2,408",5 of 97,"1,830,097,423",Communication Services,SEK / TPG / CAR,$0.606,$0.2493,$0.615,"5 Buy
· 6 Hold
· 1 Sell",Buy,01/10/23,SPK
Value,$6.84,"0.04
(0.59%)","$6.46
-
$6.95","379,717","332,170","$2,604,601",$6.85,$6.81 - $6.93,$6.86,$6.80,6:58pm 03/11 (AEDT),+2.40%,-2.15%,-10.24%,-4.47%,-,-6.22%,"$2,967,789,091","138 of 2,408",10 of 97,"433,887,294",Communication Services,NEC / VOC / UWL,$0.045,$0.334,$1.941,"0 Buy
· 4 Hold
· 7 Sell",Strong Sell,01/10/23,CNU
Value,$1.98,"0.07
(-3.42%)","$1.98
-
$2.07","90,363","175,038","$183,114",$2.04,$1.98 - $2.05,$2.025,$2.05,6:58pm 03/11 (AEDT),-3.41%,-9.59%,+48.87%,+46.67%,-,+44.91%,"$920,620,644","311 of 2,408",14 of 97,"464,959,921",Communication Services,ABB / NWS / OML,-$0.045,$0.00,$0.67,"4 Buy
· 1 Hold
· 0 Sell",Strong Buy,01/10/23,TUA
Value,$3.58,"0.34
(-8.67%)","$3.58
-
$3.60","1,858,790","687,914","$6,700,499",$3.58,$3.51 - $3.69,$3.605,$3.92,6:58pm 03/11 (AEDT),-9.14%,-12.25%,+37.16%,+42.06%,-,+40.31%,"$856,369,509","322 of 2,408",15 of 97,"239,209,360",Communication Services,TUA / OML / OPC,$0.091,$0.00,-$0.444,"4 Buy
· 5 Hold
· 0 Sell",Buy,01/10/23,ABB
Value,$0.03,"0.001
(-3.23%)","$0.031
-
$0.037",700,"8,811",$21,$0.03,$0.03 - $0.03,$0.03,$0.031,6:58pm 03/11 (AEDT),-14.29%,-21.05%,-50.00%,-57.75%,-,-59.50%,"$407,175,257","475 of 2,408",22 of 97,"13,572,508,577",Communication Services,SWM / SKT / HT1,-$0.034,$0.00,$0.025,,,,HTA
Value,$0.64,"0.005
(0.79%)","$0.64
-
$0.65","167,114","309,479","$106,242",$0.64,$0.6175 - $0.645,$0.6355,$0.635,6:58pm 03/11 (AEDT),+7.56%,-4.48%,-11.72%,-14.09%,-,-15.85%,"$314,351,706","550 of 2,408",25 of 97,"491,174,540",Communication Services,HT1 / IGL / SKT,-$0.129,$0.00,$0.084,"8 Buy
· 1 Hold
· 0 Sell",Strong Buy,01/10/23,SLC
Value,$0.20,"0.01
(5.26%)","$0.19
-
$0.20","14,073","34,196","$2,746",$0.19,$0.19 - $0.20,$0.195,$0.19,6:58pm 03/11 (AEDT),-4.76%,-9.09%,-40.30%,-44.44%,-,-46.20%,"$41,641,787","1,248 of 2,408",48 of 97,"208,208,937",Communication Services,UNL / ICI / ICU,-$0.031,$0.00,$0.032,,,,SWP
Value,$0.043,"0.006
(-12.25%)","$0.04
-
$0.05","5,658,644","132,578","$246,508",$0.045,$0.043 - $0.045,$0.0435,$0.049,6:58pm 03/11 (AEDT),-12.24%,-12.24%,-57.00%,-59.05%,-,-60.80%,"$32,840,889","1,338 of 2,408",54 of 97,"763,741,605",Communication Services,IOU / PPL / RMY,-$0.003,$0.00,$0.033,,,,FSG
Value,$12.36,"0.30
(2.49%)","$12.32
-
$12.41","4,393,717","5,209,518","$54,201,487",$12.23,$12.20 - $12.40,$12.335,$12.06,6:58pm 03/11 (AEDT),+4.66%,-2.45%,-4.78%,-7.76%,-9.02%,-9.52%,"$38,170,857,138","15 of 2,408",1 of 197,"3,088,257,050",Industrials,SYD / BXB / CPU,$0.021,$0.58,$1.075,"9 Buy
· 7 Hold
· 2 Sell",Buy,01/10/23,TCL
Value,$7.11,"0.10
(1.43%)","$7.03
-
$7.18","577,985","478,754","$4,108,958",$7.11,$7.08 - $7.15,$7.11,$7.01,6:58pm 03/11 (AEDT),+3.34%,-2.07%,-3.79%,+3.19%,+1.93%,+1.44%,"$10,469,838,584","48 of 2,408",7 of 197,"1,472,551,137",Industrials,SVW / REH / QAN,$0.029,$0.0372,$5.688,"2 Buy
· 7 Hold
· 7 Sell",Sell,01/10/23,AIA
Value,$5.18,"0.10
(1.97%)","$5.18
-
$5.19","8,557,318","10,408,004","$44,356,215",$5.16,$5.16 - $5.21,$5.185,$5.08,8:21pm 03/11 (AEDT),+8.14%,+1.57%,-13.81%,-12.94%,-14.20%,-14.70%,"$8,932,675,242","54 of 2,408",8 of 197,"1,724,454,680",Industrials,WOR / ALX / IFT,$0.93,$0.00,-$0.395,"15 Buy
· 3 Hold
· 1 Sell",Strong Buy,01/10/23,QAN
Value,$5.64,"0.24
(4.44%)","$5.49
-
$5.80","2,465,904","2,171,953","$13,822,436",$5.48,$5.45 - $5.67,$5.605,$5.40,6:58pm 03/11 (AEDT),+4.25%,+1.62%,-14.67%,-13.89%,-15.15%,-15.65%,"$8,182,702,107","62 of 2,408",10 of 197,"1,450,833,707",Industrials,IFT / WOR / QAN,$0.227,$0.40,$2.97,"5 Buy
· 6 Hold
· 1 Sell",Buy,01/10/23,ALX
Value,$3.54,"0.09
(2.61%)","$3.52
-
$3.56","3,728,592","5,294,734","$13,161,616",$3.50,$3.47 - $3.54,$3.53,$3.45,6:58pm 03/11 (AEDT),+3.81%,+1.43%,-5.09%,-3.01%,-4.28%,-4.77%,"$6,516,092,096","76 of 2,408",13 of 197,"1,840,703,982",Industrials,CIM / CWY / ALQ,$0.176,$0.15,$2.245,"8 Buy
· 8 Hold
· 2 Sell",Buy,01/10/23,AZJ
Value,$2.90,"0.12
(4.32%)","$2.89
-
$2.94","5,153,651","2,900,798","$14,913,841",$2.83,$2.81 - $2.92,$2.895,$2.78,6:58pm 03/11 (AEDT),+7.81%,+2.11%,+3.20%,+7.41%,+6.15%,+5.65%,"$5,123,464,835","95 of 2,408",16 of 197,"1,766,712,012",Industrials,ALQ / CWY / AZJ,$0.093,$0.081,$1.207,"8 Buy
· 9 Hold
· 0 Sell",Buy,01/10/23,QUB
Value,$0.62,"0.005
(0.81%)","$0.62
-
$0.63","1,145,554","533,840","$710,166",$0.62,$0.615 - $0.63,$0.62,$0.615,6:58pm 03/11 (AEDT),+3.33%,-8.82%,-10.14%,-16.22%,-17.48%,-17.97%,"$2,088,447,875","176 of 2,408",22 of 197,"3,368,464,315",Industrials,BIN / APM / VNT,-$0.197,$0.055,$0.457,"1 Buy
· 6 Hold
· 5 Sell",Sell,01/10/23,AIZ
Value,$6.27,"0.09
(1.46%)","$6.25
-
$6.32","269,219","411,016","$1,689,070",$6.25,$6.18 - $6.32,$6.275,$6.18,6:58pm 03/11 (AEDT),+1.95%,+10.78%,+10.51%,+31.56%,+30.30%,+29.81%,"$1,688,878,052","217 of 2,408",26 of 197,"269,358,541",Industrials,IPH / JLG / SLK,$0.09,$0.17,-$0.244,"10 Buy
· 6 Hold
· 0 Sell",Buy,01/10/23,KLS
Value,$2.72,"0.00
(0.00)","$2.72
-
$2.73","108,896","241,681","$297,008",$2.72,$2.72 - $2.74,$2.725,$2.72,6:58pm 03/11 (AEDT),+0.74%,-2.51%,+11.93%,+11.02%,+9.76%,+9.27%,"$1,348,471,734","254 of 2,408",30 of 197,"495,761,667",Industrials,MAD / MND / RDX,$0.197,$0.201,-$3.973,"5 Buy
· 2 Hold
· 0 Sell",Strong Buy,01/10/23,DBI
Value,$7.07,"0.00
(0.00)","$6.60
-
‐",0,145,$0,‐,‐ - ‐,‐,$7.07,6:58pm 03/11 (AEDT),+0.28%,-10.39%,-10.39%,-10.39%,-11.65%,-12.15%,"$1,262,863,330","259 of 2,408",-,"178,622,819",N/A,-,$0.00,$0.00,$0.00,"5 Buy
· 4 Hold
· 0 Sell",Buy,01/10/23,FRW
Value,$8.38,"0.09
(-1.06%)","$8.37
-
$8.41","81,154,643","10,227,333","$681,669,864",$8.35,$8.30 - $8.43,$8.395,$8.47,7:52pm 03/11 (AEDT),-8.81%,-5.52%,+8.55%,+48.32%,+31.45%,+46.57%,"$14,436,625,483","31 of 2,408",1 of 28,"1,722,747,671",Utilities,APA / AST / MCY,$0.609,$0.365,$0.65,"5 Buy
· 4 Hold
· 0 Sell",Buy,01/10/23,ORG
Value,$4.48,"0.01
(0.22%)","$4.47
-
$4.65","5,105","42,508","$23,449",$4.60,$4.48 - $4.65,$4.595,$4.47,6:58pm 03/11 (AEDT),-0.88%,-4.88%,-10.76%,+1.13%,-15.74%,-0.63%,"$5,673,358,069","89 of 2,408",6 of 28,"1,266,374,569",Utilities,SKI / AGL / MCY,$0.197,$0.1601,$2.286,"2 Buy
· 3 Hold
· 6 Sell",Sell,01/10/23,MEZ
Value,$8.37,"0.15
(1.83%)","$8.34
-
$8.38","1,685,501","2,781,470","$14,094,994",$8.39,$8.30 - $8.40,$8.36,$8.22,6:58pm 03/11 (AEDT),+2.57%,+0.12%,-22.21%,-19.36%,-36.24%,-21.12%,"$10,738,357,949","46 of 2,408",2 of 28,"1,282,957,939",Utilities,AST / MCY / AGL,$0.223,$0.55,$0.457,"7 Buy
· 7 Hold
· 0 Sell",Buy,01/10/23,APA
Value,$10.59,"0.07
(0.67%)","$10.57
-
$10.62","1,574,975","1,721,986","$16,690,721",$10.62,$10.58 - $10.665,$10.605,$10.52,6:58pm 03/11 (AEDT),-1.49%,-0.94%,+31.23%,+49.58%,+32.70%,+47.82%,"$7,124,393,197","73 of 2,408",5 of 28,"672,747,233",Utilities,MCY / MEZ / SKI,-$1.879,$0.31,$2.882,"9 Buy
· 5 Hold
· 0 Sell",Buy,01/10/23,AGL
Value,$5.60,"0.12
(2.19%)","$5.30
-
$5.60",874,"6,789","$4,764",$5.50,$5.40 - $5.60,$5.45,$5.48,6:58pm 03/11 (AEDT),+1.82%,-3.28%,+8.95%,+9.37%,-7.50%,+7.62%,"$7,790,872,538","67 of 2,408",4 of 28,"1,391,227,239",Utilities,AGL / MEZ / AST,$0.074,$0.2011,$3.386,"1 Buy
· 5 Hold
· 5 Sell",Sell,01/10/23,MCY
Value,$7.29,"0.04
(0.55%)","$7.08
-
$7.70","3,602","9,956","$26,207",$7.27,$7.25 - $7.30,$7.275,$7.25,6:58pm 03/11 (AEDT),+1.39%,-2.80%,+0.55%,+7.21%,-9.67%,+5.45%,"$1,855,642,046","194 of 2,408",10 of 28,"254,546,234",Utilities,GNE / IFN / TLT,$0.163,$0.3167,$3.014,"7 Buy
· 2 Hold
· 0 Sell",Strong Buy,01/10/23,CEN
Value,$2.17,"0.02
(0.93%)","$2.11
-
$2.20","18,082","20,899","$39,339",$2.15,$2.15 - $2.20,$2.175,$2.15,6:58pm 03/11 (AEDT),-2.25%,-4.41%,-10.70%,-17.18%,-34.05%,-18.93%,"$2,331,969,410","166 of 2,408",9 of 28,"1,074,640,281",Utilities,CEN / TLT / IFN,$0.185,$0.1642,$1.966,"5 Buy
· 3 Hold
· 1 Sell",Buy,01/10/23,GNE
Value,$1.635,"0.015
(0.93%)","$1.635
-
$1.67","38,498","79,426","$63,254",$1.64,$1.635 - $1.67,$1.643,$1.62,6:58pm 03/11 (AEDT),-2.10%,-4.94%,+2.50%,+3.79%,-13.09%,+2.03%,"$249,698,145","626 of 2,408",12 of 28,"152,720,578",Utilities,GNX / LGI / EWC,$0.00,$0.069,$0.00,,,,D2O
Value,$0.16,"0.01
(6.67%)","$0.155
-
$0.16","1,750,005","372,851","$272,608",$0.155,$0.1525 - $0.16,$0.156,$0.15,6:58pm 03/11 (AEDT),+3.23%,+6.67%,+18.52%,-20.00%,-36.87%,-21.75%,"$221,628,342","669 of 2,408",13 of 28,"1,385,177,140",Utilities,D2O / LGI / EWC,-$0.001,$0.00,$0.143,"5 Buy
· 1 Hold
· 0 Sell",Strong Buy,01/10/23,GNX
Value,$2.07,"0.07
(3.50%)","$1.95
-
$2.07","10,829","22,197","$22,226",$2.06,$2.05 - $2.07,$2.05,$2.00,6:58pm 03/11 (AEDT),-1.43%,-2.36%,+15.00%,-0.48%,-17.35%,-2.24%,"$182,768,106","723 of 2,408",14 of 28,"88,293,771",Utilities,GNX / D2O / EWC,$0.073,$0.0231,$0.52,"0 Buy
· 4 Hold
· 4 Sell",Sell,01/10/23,LGI
