fundamental_ID,Ticker,company_name,industry_gp,lastPrice,Change,Bid_Ask,volumePerDay,volume4wAvg,Open,dayRange,prevClose,lastTrade,oneWeek,oneMonth,YTD2023,oneYear,vsSectorOneYr,vsASX200OneYr,marketCap,ASXRank,sectorRank,sharesIssued,Sector,similarCompanies,EPS,DPS,bookValuePerShare,Breakdown,Recommendation,lastUpdated,PE
1,ARB,ARB CORPORATION LIMITED.,Automobiles & Components,31.26,1.02 (3.37%),$29.88 - $31.35,160245.0,245483.0,31.07,$30.56 - $31.45,$30.24,6:58pm 03/11 (AEDT),+3.30%,+1.20%,+21.78%,+11.96%,+5.78%,+10.21%,2570210986.0,"152 of 2,408",14 of 150,82220441.0,Consumer Cyclical,CTD / WEB / SUL,1.079,0.62,0.6,6 Buy · 5 Hold · 2 Sell,Hold,01/10/23,28.971
2,GUD,G.U.D. HOLDINGS LIMITED,Automobiles & Components,11.08,0.17 (1.56%),$10.77 - $11.35,366353.0,441797.0,10.95,$10.725 - $11.10,$10.91,6:58pm 03/11 (AEDT),+2.59%,-4.24%,+46.17%,+37.98%,+31.80%,+36.23%,1561113232.0,"234 of 2,408",23 of 150,140894696.0,Consumer Cyclical,SGR / LNW / SKC,0.693,0.39,0.526,11 Buy · 2 Hold · 0 Sell,Strong Buy,01/10/23,15.988
3,PWH,PWR HOLDINGS LIMITED,Automobiles & Components,10.12,0.07 (0.70%),$9.96 - $10.92,37398.0,127350.0,10.16,$10.06 - $10.22,$10.05,6:58pm 03/11 (AEDT),-0.88%,-8.08%,-6.04%,-3.98%,-10.17%,-5.74%,1016899406.0,"295 of 2,408",28 of 150,100484131.0,Consumer Cyclical,BGP / CTT / AX1,0.217,0.125,0.722,7 Buy · 4 Hold · 1 Sell,Buy,01/10/23,46.636
4,SFC,SCHAFFER CORPORATION LIMITED,Automobiles & Components,16.1,0.65 (-3.88%),$16.15 - $17.10,5570.0,758.0,16.75,$16.01 - $16.75,$16.75,6:58pm 03/11 (AEDT),-3.88%,-5.35%,-11.05%,-10.26%,-16.44%,-12.01%,218469868.0,"672 of 2,408",58 of 150,13569557.0,Consumer Cyclical,NDO / ALG / BST,1.811,0.9,3.324,nan,nan,nan,8.89
5,AHL,ADRAD HOLDINGS LIMITED,Automobiles & Components,0.89,0.00 (0.00),$0.845 - $0.90,0.0,11146.0,,‐ - ‐,$0.89,6:58pm 03/11 (AEDT),+3.49%,-6.32%,-19.09%,-34.07%,-40.26%,-35.83%,72343803.0,"1,034 of 2,408",88 of 150,81285172.0,Consumer Cyclical,ISU / KED / CCX,0.084,0.0233,0.986,nan,nan,nan,10.595
6,VMT,VMOTO LIMITED,Automobiles & Components,0.155,0.005 (3.33%),$0.145 - $0.155,82262.0,432421.0,0.155,$0.145 - $0.155,$0.15,6:58pm 03/11 (AEDT),0.00,-32.61%,-60.76%,-62.65%,-68.84%,-64.41%,44987245.0,"1,217 of 2,408",96 of 150,290240290.0,Consumer Cyclical,DNA / BBT / MFD,0.025,0.0,0.202,nan,nan,nan,6.2
7,RPM,RPM AUTOMOTIVE GROUP LIMITED,Automobiles & Components,0.081,0.0005 (0.62%),$0.078 - $0.085,92000.0,26007.0,0.081,$0.081 - $0.082,$0.0805,6:58pm 03/11 (AEDT),+1.25%,-6.90%,-49.38%,-59.50%,-65.69%,-61.25%,15831293.0,"1,653 of 2,408",122 of 150,195448061.0,Consumer Cyclical,XRG / ABV / CLU,0.01,0.0,0.031,nan,nan,nan,8.1
8,ABV,ADVANCED BRAKING TECHNOLOGY LTD,Automobiles & Components,0.044,0.002 (4.76%),$0.043 - $0.046,231792.0,154298.0,0.042,$0.042 - $0.045,$0.042,6:58pm 03/11 (AEDT),-2.22%,0.00,+10.00%,+37.50%,+31.32%,+35.75%,16696546.0,"1,626 of 2,408",120 of 150,379466944.0,Consumer Cyclical,XRG / RPM / UCW,0.004,0.0,0.017,nan,nan,nan,11.0
9,DDT,DATADOT TECHNOLOGY LIMITED,Automobiles & Components,0.004,0.00 (0.00),$0.004 - $0.005,286645.0,1241239.0,0.004,$0.004 - $0.004,$0.004,6:58pm 03/11 (AEDT),0.00,+33.33%,-42.86%,-20.00%,-26.19%,-21.75%,4843811.0,"2,143 of 2,408",133 of 150,1210952783.0,Consumer Cyclical,MHI / SIX / AUA,0.0,0.0,0.008,nan,nan,nan,0.0
10,SIX,SPRINTEX LIMITED,Automobiles & Components,0.014,0.00 (0.00),$0.012 - $0.014,176.0,555355.0,0.014,$0.014 - $0.014,$0.014,6:58pm 03/11 (AEDT),-6.67%,-22.22%,-54.84%,-26.32%,-32.50%,-28.07%,4745972.0,"2,151 of 2,408",135 of 150,338998012.0,Consumer Cyclical,AUA / MHI / DDT,-0.02,0.0,0.003,nan,nan,nan,-0.7
11,CBA,COMMONWEALTH BANK OF AUSTRALIA.,Banks,99.93,1.50 (1.52%),$99.75 - $99.95,2507791.0,1993484.0,99.6,$99.20 - $99.99,$98.43,6:58pm 03/11 (AEDT),+3.02%,+0.08%,-2.60%,-4.37%,-0.86%,-6.13%,167435476166.0,"2 of 2,408",1 of 573,1675527631.0,Financial Services,NAB / ANZ / WBC,5.893,4.5,38.582,0 Buy · 5 Hold · 15 Sell,Strong Sell,01/10/23,16.957
12,NAB,NATIONAL AUSTRALIA BANK LIMITED,Banks,29.06,0.49 (1.72%),$28.92 - $29.10,4699140.0,4334055.0,28.95,$28.78 - $29.13,$28.57,6:58pm 03/11 (AEDT),+3.05%,+0.35%,-3.33%,-9.61%,-6.09%,-11.37%,90927255819.0,"4 of 2,408",2 of 573,3128948927.0,Financial Services,ANZ / WBC / MQG,2.268,1.61,17.372,9 Buy · 5 Hold · 4 Sell,Hold,01/10/23,12.813
13,ANZ,ANZ GROUP HOLDINGS LIMITED,Banks,25.6,0.23 (0.91%),$25.59 - $25.63,5813929.0,5496181.0,25.73,$25.56 - $25.75,$25.37,6:58pm 03/11 (AEDT),+3.27%,+0.43%,+11.26%,-0.31%,+3.21%,-2.07%,76935344282.0,"5 of 2,408",3 of 573,3005286886.0,Financial Services,WBC / MQG / NAB,2.297,1.55,20.682,12 Buy · 4 Hold · 2 Sell,Buy,01/10/23,11.145
14,WBC,WESTPAC BANKING CORPORATION,Banks,21.5,0.33 (1.56%),$21.44 - $21.50,7177724.0,6695917.0,21.46,$21.39 - $21.58,$21.17,6:58pm 03/11 (AEDT),+4.52%,+1.75%,-7.92%,-10.08%,-6.56%,-11.83%,75445154640.0,"6 of 2,408",4 of 573,3509076960.0,Financial Services,ANZ / MQG / NAB,1.744,1.34,17.161,3 Buy · 6 Hold · 10 Sell,Sell,01/10/23,12.328
15,BEN,BENDIGO AND ADELAIDE BANK LIMITED,Banks,9.09,0.20 (2.25%),$9.05 - $9.10,1285689.0,1174747.0,8.96,$8.93 - $9.10,$8.89,6:58pm 03/11 (AEDT),+4.72%,+1.79%,-7.34%,+1.11%,+4.63%,-0.64%,5160947181.0,"94 of 2,408",19 of 573,567760966.0,Financial Services,SDF / STW / MLT,0.792,0.61,8.851,7 Buy · 8 Hold · 2 Sell,Hold,01/10/23,11.477
16,VUK,VIRGIN MONEY UK PLC,Banks,3.01,0.13 (4.51%),$2.98 - $3.02,10515183.0,1510611.0,2.96,$2.94 - $3.015,$2.88,6:58pm 03/11 (AEDT),+7.89%,-5.35%,-8.23%,+24.38%,+27.90%,+22.63%,2023808193.0,"183 of 2,408",49 of 573,672361526.0,Financial Services,IAF / VDHG / PDL,0.337,0.1922,4.533,13 Buy · 8 Hold · 3 Sell,Buy,01/10/23,8.932
17,BOQ,BANK OF QUEENSLAND LIMITED.,Banks,5.45,0.19 (3.61%),$5.42 - $5.45,2691645.0,3507998.0,5.3,$5.30 - $5.45,$5.26,6:58pm 03/11 (AEDT),+4.41%,-4.72%,-21.01%,-24.93%,-21.41%,-26.69%,3581834999.0,"116 of 2,408",26 of 573,657217431.0,Financial Services,NHF / VTS / NDQ,0.183,0.44,7.734,2 Buy · 6 Hold · 12 Sell,Sell,01/10/23,29.781
18,BFL,BSP FINANCIAL GROUP LIMITED,Banks,5.31,0.21 (4.12%),$5.10 - $5.35,22533.0,7803.0,5.1,$5.10 - $5.35,$5.10,6:58pm 03/11 (AEDT),+3.11%,+3.11%,+8.37%,+9.94%,-,+8.18%,2480938088.0,"157 of 2,408",43 of 573,467219979.0,Financial Services,VGAD / MGF / ETHI,2.38,0.6258,7.958,nan,nan,nan,2.231
19,HGH,HEARTLAND GROUP HOLDINGS LIMITED,Banks,1.415,0.00 (0.00),$1.385 - $1.63,0.0,928.0,,‐ - ‐,$1.415,6:58pm 03/11 (AEDT),-5.35%,-12.92%,-17.25%,-14.24%,-10.72%,-16.00%,1012100357.0,"296 of 2,408",78 of 573,715265270.0,Financial Services,VGB / DUI / JDO,0.14,0.1063,1.121,6 Buy · 2 Hold · 0 Sell,Strong Buy,01/10/23,10.107
20,JDO,JUDO CAPITAL HOLDINGS LIMITED,Banks,0.885,0.005 (0.57%),$0.88 - $0.90,981281.0,1347745.0,0.88,$0.88 - $0.90,$0.88,6:58pm 03/11 (AEDT),+4.12%,-11.94%,-33.21%,-30.31%,-,-32.07%,981731237.0,"301 of 2,408",80 of 573,1109300833.0,Financial Services,GMA / VGB / HGH,0.064,0.0,1.297,5 Buy · 7 Hold · 0 Sell,Buy,01/10/23,13.828
21,REH,REECE LIMITED,Capital Goods,18.37,0.48 (2.68%),$17.87 - $18.88,361462.0,335891.0,18.51,$18.10 - $18.51,$17.89,6:58pm 03/11 (AEDT),+4.67%,-1.71%,+29.82%,+22.96%,+21.70%,+21.21%,11866729405.0,"40 of 2,408",5 of 197,645984181.0,Industrials,SVW / AIA / QAN,0.6,0.25,2.484,0 Buy · 5 Hold · 12 Sell,Strong Sell,01/10/23,30.617
22,SVW,SEVEN GROUP HOLDINGS LIMITED,Capital Goods,29.25,0.61 (2.13%),$28.75 - $29.42,814627.0,800978.0,29.15,$28.78 - $29.42,$28.64,6:58pm 03/11 (AEDT),+8.78%,-5.09%,+39.48%,+55.92%,+54.66%,+54.16%,10634878420.0,"47 of 2,408",6 of 197,363585587.0,Industrials,AIA / REH / QAN,1.677,0.46,4.643,10 Buy · 4 Hold · 0 Sell,Strong Buy,01/10/23,17.442
23,WOR,WORLEY LIMITED,Capital Goods,16.76,0.06 (0.36%),$16.40 - $16.98,672166.0,1063968.0,16.96,$16.71 - $16.96,$16.70,6:58pm 03/11 (AEDT),+1.64%,-4.23%,+11.73%,+15.59%,+14.33%,+13.83%,8828352743.0,"57 of 2,408",9 of 197,526751357.0,Industrials,QAN / ALX / IFT,0.07,0.5,-0.876,9 Buy · 3 Hold · 1 Sell,Buy,01/10/23,239.429
24,IFT,INFRATIL LIMITED.,Capital Goods,9.54,0.29 (3.14%),$9.02 - ‐,18508.0,44060.0,9.35,$9.32 - $9.54,$9.25,6:58pm 03/11 (AEDT),+4.03%,+1.49%,+21.22%,+22.46%,+21.20%,+20.71%,7936230476.0,"65 of 2,408",11 of 197,831889987.0,Industrials,ALX / WOR / QAN,0.432,0.1782,3.058,6 Buy · 5 Hold · 0 Sell,Buy,01/10/23,22.083
25,FBU,FLETCHER BUILDING LIMITED,Capital Goods,4.09,0.07 (1.74%),$4.08 - $4.12,1123367.0,807510.0,4.04,$4.03 - $4.115,$4.02,6:58pm 03/11 (AEDT),+1.74%,-6.41%,-8.09%,-11.85%,-13.11%,-13.61%,3202648308.0,"129 of 2,408",17 of 197,783043596.0,Industrials,RWC / DOW / VNT,0.284,0.3162,3.061,10 Buy · 3 Hold · 1 Sell,Buy,01/10/23,14.401
26,RWC,RELIANCE WORLDWIDE CORPORATION LIMITED,Capital Goods,3.7,0.10 (2.78%),$3.68 - $3.72,1857807.0,3131867.0,3.66,$3.66 - $3.71,$3.60,6:58pm 03/11 (AEDT),+6.63%,-4.39%,+25.00%,+19.74%,+18.48%,+17.99%,2923350631.0,"140 of 2,408",18 of 197,790094765.0,Industrials,FBU / DOW / VNT,0.177,0.1424,0.157,13 Buy · 7 Hold · 0 Sell,Buy,01/10/23,20.904
27,VNT,VENTIA SERVICES GROUP LIMITED,Capital Goods,2.76,0.01 (0.36%),$2.75 - $2.77,73844197.0,2949504.0,2.75,$2.72 - $2.78,$2.75,6:58pm 03/11 (AEDT),-0.72%,-2.82%,+14.52%,+3.76%,+2.50%,+2.01%,2361137068.0,"165 of 2,408",20 of 197,855484445.0,Industrials,BIN / DOW / AIZ,0.202,0.1659,-0.762,9 Buy · 1 Hold · 0 Sell,Strong Buy,01/10/23,13.663
28,JLG,JOHNS LYNG GROUP LIMITED,Capital Goods,6.41,0.06 (0.95%),$6.32 - $6.46,649066.0,557056.0,6.4,$6.34 - $6.46,$6.35,6:58pm 03/11 (AEDT),+11.48%,-1.99%,+3.55%,-4.04%,-5.30%,-5.80%,1771182592.0,"202 of 2,408",24 of 197,276315537.0,Industrials,IPH / KLS / APM,0.179,0.09,0.274,11 Buy · 3 Hold · 1 Sell,Buy,01/10/23,35.81
29,MND,MONADELPHOUS GROUP LIMITED,Capital Goods,14.23,0.01 (-0.07%),$13.80 - $14.39,163650.0,202748.0,14.3,$14.14 - $14.40,$14.24,6:58pm 03/11 (AEDT),+0.99%,+1.86%,+6.51%,+1.43%,+0.17%,-0.33%,1379084527.0,"250 of 2,408",28 of 197,96913881.0,Industrials,MAD / DBI / RDX,0.55,0.49,0.617,9 Buy · 4 Hold · 1 Sell,Buy,01/10/23,25.873
30,RDX,REDOX LIMITED,Capital Goods,2.34,0.00 (0.00),$2.29 - $2.34,20499.0,276203.0,2.31,$2.29 - $2.34,$2.34,6:58pm 03/11 (AEDT),-2.90%,+7.34%,-8.24%,-8.24%,-9.50%,-9.99%,1228690542.0,"263 of 2,408",31 of 197,525081428.0,Industrials,MMS / SIQ / NWH,38.768,0.0,0.447,5 Buy · 1 Hold · 0 Sell,Strong Buy,01/10/23,0.06
31,SLB,STELAR METALS LIMITED,Class Pend,0.285,0.025 (9.62%),$0.27 - $0.285,110064.0,191029.0,0.265,$0.265 - $0.29,$0.26,6:58pm 03/11 (AEDT),-1.72%,-5.00%,+83.87%,+54.05%,-,+52.30%,14793759.0,"1,687 of 2,408",581 of 978,51907925.0,Basic Materials,ADV / ASE / MRZ,-0.044,0.0,0.123,nan,nan,nan,-6.477
32,TRE,TOUBANI RESOURCES INC.,Class Pend,0.115,0.005 (-4.17%),$0.11 - $0.12,235426.0,99197.0,0.12,$0.115 - $0.12,$0.12,6:58pm 03/11 (AEDT),-4.17%,+15.00%,-28.13%,-42.50%,-,-44.25%,15394552.0,"1,668 of 2,408",570 of 978,133865666.0,Basic Materials,SGA / MMA / AII,-0.067,0.0,0.034,nan,nan,nan,-1.716
33,OXT,OREXPLORE TECHNOLOGIES LIMITED,Class Pend,0.043,0.00 (0.00),$0.039 - $0.043,66652.0,67243.0,0.043,$0.043 - $0.043,$0.043,6:58pm 03/11 (AEDT),-4.44%,-6.52%,-50.58%,-47.67%,-,-49.42%,8402873.0,"1,938 of 2,408",162 of 197,195415646.0,Industrials,14D / TTI / 1CG,-0.107,0.0,0.048,nan,nan,nan,-0.402
34,S3N,SENSORE LTD.,Class Pend,0.09,0.00 (0.00),$0.093 - $0.115,0.0,16786.0,,‐ - ‐,$0.09,6:58pm 03/11 (AEDT),-25.00%,-43.75%,-75.00%,-79.55%,-,-81.30%,3275392.0,"2,269 of 2,408",917 of 978,36393239.0,Basic Materials,CRS / GNM / CBY,-0.116,0.0,0.123,nan,nan,nan,-0.776
35,HRE,HEAVY RARE EARTHS LIMITED,Class Pend,0.079,0.01 (-11.24%),$0.079 - $0.095,35572.0,129659.0,0.086,$0.079 - $0.086,$0.089,6:58pm 03/11 (AEDT),+12.86%,-13.19%,-31.30%,-53.53%,-,-55.28%,4778546.0,"2,148 of 2,408",850 of 978,60487930.0,Basic Materials,THR / BOA / SNX,0.0,0.0,0.0,nan,nan,nan,0.0
36,KLI,KILLI RESOURCES LIMITED,Class Pend,0.063,0.001 (-1.56%),$0.063 - $0.066,265082.0,109818.0,0.064,$0.063 - $0.064,$0.064,6:58pm 03/11 (AEDT),+14.55%,+26.00%,-51.35%,-59.93%,-,-61.69%,3753229.0,"2,233 of 2,408",897 of 978,59575058.0,Basic Materials,ACS / OM1 / KAL,-0.081,0.0,0.077,nan,nan,nan,-0.778
37,DY6,DY6 METALS LTD,Class Pend,0.1,0.011 (12.36%),$0.096 - $0.10,193111.0,56492.0,0.094,$0.094 - $0.10,$0.089,6:58pm 03/11 (AEDT),+7.53%,-23.08%,-50.00%,-50.00%,-63.87%,-51.75%,3856249.0,"2,220 of 2,408",890 of 978,38562492.0,Basic Materials,ENV / NCR / ADG,0.0,0.0,0.0,nan,nan,nan,0.0
38,BXB,BRAMBLES LIMITED,Commercial & Professional Services,13.45,0.14 (1.05%),$13.40 - $13.47,4749010.0,3860511.0,13.26,$13.11 - $13.50,$13.31,6:58pm 03/11 (AEDT),-3.79%,-6.08%,+11.43%,+15.06%,+13.80%,+13.30%,18714442617.0,"24 of 2,408",3 of 197,1391408373.0,Industrials,CPU / SYD / REH,0.464,0.395,1.145,12 Buy · 5 Hold · 2 Sell,Buy,01/10/23,28.987
39,CPU,COMPUTERSHARE LIMITED.,Commercial & Professional Services,25.13,0.35 (1.41%),$24.79 - $25.30,1529083.0,1430562.0,25.04,$24.98 - $25.20,$24.78,6:58pm 03/11 (AEDT),+1.82%,-2.63%,-4.08%,-3.12%,-4.38%,-4.88%,15171718214.0,"29 of 2,408",4 of 197,603729336.0,Industrials,REH / BXB / SVW,0.735,0.7,-1.908,11 Buy · 3 Hold · 0 Sell,Strong Buy,01/10/23,34.19
40,ALQ,ALS LIMITED,Commercial & Professional Services,10.94,0.17 (1.58%),$10.68 - $11.00,1181048.0,751589.0,10.91,$10.87 - $10.99,$10.77,6:58pm 03/11 (AEDT),+1.30%,-3.61%,-10.55%,-3.70%,-4.96%,-5.45%,5296794463.0,"93 of 2,408",15 of 197,484167684.0,Industrials,CWY / QUB / AZJ,0.566,0.397,-0.097,8 Buy · 5 Hold · 0 Sell,Buy,01/10/23,19.329
41,CWY,CLEANAWAY WASTE MANAGEMENT LIMITED,Commercial & Professional Services,2.39,0.09 (3.91%),$2.35 - $2.40,5042306.0,4298610.0,2.32,$2.30 - $2.40,$2.30,6:58pm 03/11 (AEDT),+4.37%,-1.24%,-9.13%,-12.45%,-13.72%,-14.21%,5325958414.0,"92 of 2,408",14 of 197,2228434483.0,Industrials,ALQ / QUB / AZJ,0.01,0.049,-0.059,8 Buy · 7 Hold · 2 Sell,Buy,01/10/23,239.0
42,DOW,DOWNER EDI LIMITED,Commercial & Professional Services,3.78,0.01 (0.27%),$3.76 - $3.80,2061252.0,1366844.0,3.82,$3.75 - $3.845,$3.77,6:58pm 03/11 (AEDT),+2.16%,-6.90%,+1.89%,-21.41%,-22.68%,-23.17%,2538548507.0,"154 of 2,408",19 of 197,671573679.0,Industrials,VNT / BIN / RWC,-0.59,0.13,0.163,5 Buy · 5 Hold · 0 Sell,Buy,01/10/23,-6.407
43,APM,APM HUMAN SERVICES INTERNATIONAL LIMITED,Commercial & Professional Services,2.09,0.01 (-0.48%),$2.07 - $2.11,1139385.0,1143498.0,2.1,$2.08 - $2.13,$2.10,6:58pm 03/11 (AEDT),+6.09%,+11.47%,-12.18%,-37.43%,-38.69%,-39.18%,1916910267.0,"189 of 2,408",23 of 197,917181946.0,Industrials,JLG / AIZ / IPH,0.117,0.1,-0.773,7 Buy · 1 Hold · 0 Sell,Strong Buy,01/10/23,17.863
44,IPH,IPH LIMITED,Commercial & Professional Services,7.1,0.18 (2.60%),$6.80 - $7.15,1032860.0,589916.0,7.08,$6.96 - $7.13,$6.92,6:58pm 03/11 (AEDT),+2.75%,-4.05%,-18.67%,-27.03%,-28.29%,-28.78%,1704155050.0,"216 of 2,408",25 of 197,240021838.0,Industrials,KLS / JLG / SLK,0.284,0.33,-1.117,8 Buy · 5 Hold · 1 Sell,Buy,01/10/23,25.0
45,MAD,MADER GROUP LIMITED,Commercial & Professional Services,6.83,0.09 (1.34%),$6.75 - $6.90,331916.0,171289.0,6.8,$6.77 - $7.13,$6.74,6:58pm 03/11 (AEDT),+13.83%,+2.55%,+88.15%,+89.72%,+88.46%,+87.97%,1366000000.0,"252 of 2,408",29 of 197,200000000.0,Industrials,MND / DBI / RDX,0.182,0.058,0.598,1 Buy · 5 Hold · 5 Sell,Sell,01/10/23,37.527
46,MMS,MCMILLAN SHAKESPEARE LIMITED,Commercial & Professional Services,17.6,0.14 (0.80%),$17.57 - $18.06,321679.0,237302.0,17.57,$17.57 - $18.03,$17.46,6:58pm 03/11 (AEDT),+7.19%,+10.00%,+30.95%,+31.93%,+30.67%,+30.18%,1225717222.0,"264 of 2,408",32 of 197,69643024.0,Industrials,RDX / SIQ / NWH,0.89,1.98,1.148,5 Buy · 4 Hold · 1 Sell,Buy,01/10/23,19.775
47,SIQ,SMARTGROUP CORPORATION LTD,Commercial & Professional Services,8.94,0.01 (-0.11%),$8.80 - $8.95,447619.0,455704.0,8.97,$8.835 - $9.04,$8.95,6:58pm 03/11 (AEDT),+5.05%,+8.63%,+75.29%,+87.82%,+86.55%,+86.06%,1187559821.0,"272 of 2,408",33 of 197,132836669.0,Industrials,NWH / MMS / RDX,0.438,0.445,-0.366,7 Buy · 3 Hold · 1 Sell,Buy,01/10/23,20.411
48,WES,WESFARMERS LIMITED,Consumer Discretionary Distribution & Retail,52.32,0.89 (1.73%),$52.00 - $52.35,1362196.0,1474727.0,52.1,$51.86 - $52.355,$51.43,6:58pm 03/11 (AEDT),+3.87%,-0.44%,+13.96%,+16.19%,+10.00%,+14.44%,59330483885.0,"10 of 2,408",1 of 150,1133992429.0,Consumer Cyclical,ALL / TLC / CWN,2.176,1.91,3.163,10 Buy · 6 Hold · 3 Sell,Buy,01/10/23,24.044
49,JBH,JB HI-FI LIMITED,Consumer Discretionary Distribution & Retail,46.58,0.71 (1.55%),$46.20 - $46.59,454810.0,382298.0,46.4,$46.19 - $46.58,$45.87,6:58pm 03/11 (AEDT),+5.82%,+3.17%,+11.04%,+9.42%,+3.24%,+7.67%,5092776835.0,"97 of 2,408",6 of 150,109333981.0,Consumer Cyclical,DMP / HVN / FLT,4.779,3.12,3.551,3 Buy · 6 Hold · 10 Sell,Sell,01/10/23,9.747
50,HVN,HARVEY NORMAN HOLDINGS LIMITED,Consumer Discretionary Distribution & Retail,3.69,0.02 (0.55%),$3.68 - $3.72,1673253.0,2803172.0,3.7,$3.67 - $3.725,$3.67,6:58pm 03/11 (AEDT),+3.94%,-3.66%,-10.65%,-9.78%,-15.97%,-11.53%,4597764553.0,"101 of 2,408",8 of 150,1246006654.0,Consumer Cyclical,DMP / FLT / JBH,0.432,0.305,3.51,2 Buy · 7 Hold · 9 Sell,Sell,01/10/23,8.542
51,PMV,PREMIER INVESTMENTS LIMITED,Consumer Discretionary Distribution & Retail,23.52,0.22 (0.94%),$23.50 - $23.58,190239.0,229196.0,23.62,$23.46 - $23.72,$23.30,6:58pm 03/11 (AEDT),+4.49%,-2.85%,-5.31%,-4.93%,-11.12%,-6.69%,3750470270.0,"114 of 2,408",10 of 150,159458770.0,Consumer Cyclical,APE / FLT / BRG,1.686,1.49,5.763,9 Buy · 5 Hold · 3 Sell,Buy,01/10/23,13.95
52,APE,EAGERS AUTOMOTIVE LIMITED,Consumer Discretionary Distribution & Retail,13.21,0.02 (-0.15%),$13.10 - $13.54,315396.0,371873.0,13.5,$13.14 - $13.51,$13.23,6:58pm 03/11 (AEDT),+0.53%,-5.03%,+21.75%,+7.31%,+1.13%,+5.56%,3393654416.0,"123 of 2,408",11 of 150,256900410.0,Consumer Cyclical,BRG / PMV / SUL,1.083,0.73,1.359,11 Buy · 6 Hold · 2 Sell,Buy,01/10/23,12.198
53,SUL,SUPER RETAIL GROUP LIMITED,Consumer Discretionary Distribution & Retail,13.31,0.01 (0.08%),$13.20 - $13.34,774318.0,868298.0,13.4,$13.23 - $13.40,$13.30,6:58pm 03/11 (AEDT),+4.31%,+12.61%,+24.28%,+31.26%,+25.08%,+29.51%,3005750715.0,"134 of 2,408",13 of 150,225826500.0,Consumer Cyclical,BRG / APE / ARB,1.154,1.03,2.308,3 Buy · 9 Hold · 8 Sell,Sell,01/10/23,11.534
54,LOV,LOVISA HOLDINGS LIMITED,Consumer Discretionary Distribution & Retail,18.48,0.08 (0.44%),$18.40 - $18.80,337637.0,270259.0,18.69,$18.305 - $18.85,$18.40,6:58pm 03/11 (AEDT),+5.78%,-2.84%,-20.03%,-23.73%,-29.92%,-25.49%,2027119969.0,"182 of 2,408",17 of 150,109692639.0,Consumer Cyclical,BAP / TAH / IVC,0.619,0.69,0.69,12 Buy · 3 Hold · 2 Sell,Buy,01/10/23,29.855
55,BAP,BAPCOR LIMITED,Consumer Discretionary Distribution & Retail,5.54,0.07 (-1.25%),$5.53 - $5.60,759049.0,1176056.0,5.72,$5.54 - $5.72,$5.61,6:58pm 03/11 (AEDT),+2.40%,-18.17%,-14.24%,-17.56%,-23.75%,-19.31%,1880345250.0,"191 of 2,408",18 of 150,339412500.0,Consumer Cyclical,TAH / IVC / LOV,0.362,0.22,0.959,7 Buy · 4 Hold · 1 Sell,Buy,01/10/23,15.304
56,AX1,ACCENT GROUP LIMITED,Consumer Discretionary Distribution & Retail,1.955,0.02 (1.03%),$1.945 - $1.96,1673098.0,825084.0,1.935,$1.935 - $1.975,$1.935,6:58pm 03/11 (AEDT),+8.01%,+0.51%,+16.37%,+26.54%,+20.35%,+24.78%,1100768998.0,"282 of 2,408",26 of 150,563053196.0,Consumer Cyclical,CKF / CTT / PWH,0.156,0.175,0.105,7 Buy · 5 Hold · 2 Sell,Buy,01/10/23,12.532
57,BGP,BRISCOE GROUP AUSTRALASIA LIMITED,Consumer Discretionary Distribution & Retail,4.42,0.00 (0.00),$4.42 - $4.67,0.0,58.0,,‐ - ‐,$4.42,6:58pm 03/11 (AEDT),0.00,+0.23%,-12.99%,-12.99%,-19.18%,-14.75%,984624739.0,"300 of 2,408",29 of 150,222765778.0,Consumer Cyclical,PWH / NCK / CTT,0.384,0.2662,1.376,0 Buy · 4 Hold · 4 Sell,Sell,01/10/23,11.51
58,BRG,BREVILLE GROUP LIMITED,Consumer Durables & Apparel,22.45,0.70 (3.22%),$21.90 - $22.52,277724.0,231182.0,22.48,$22.30 - $22.65,$21.75,6:58pm 03/11 (AEDT),+2.93%,+2.89%,+22.34%,+10.70%,+4.52%,+8.95%,3219899063.0,"128 of 2,408",12 of 150,143425348.0,Consumer Cyclical,APE / SUL / PMV,0.766,0.305,2.584,7 Buy · 8 Hold · 2 Sell,Hold,01/10/23,29.308
59,AKP,AUDIO PIXELS HOLDINGS LIMITED,Consumer Durables & Apparel,8.41,0.41 (-4.65%),$8.41 - $8.45,9958.0,2086.0,8.5,$8.40 - $8.50,$8.82,6:58pm 03/11 (AEDT),-11.47%,-8.09%,-15.90%,-23.55%,-29.73%,-25.30%,245656941.0,"633 of 2,408",54 of 150,29210100.0,Consumer Cyclical,PBH / UNI / BBN,-0.377,0.0,-0.081,nan,nan,nan,-22.308
60,FWD,FLEETWOOD LIMITED,Consumer Durables & Apparel,1.65,0.01 (-0.60%),$1.65 - $1.71,23572.0,87944.0,1.66,$1.65 - $1.66,$1.66,6:58pm 03/11 (AEDT),+1.54%,-10.33%,+16.20%,+9.63%,+3.45%,+7.88%,155569555.0,"774 of 2,408",67 of 150,94284579.0,Consumer Cyclical,MTO / RBL / RCT,0.022,0.021,1.254,4 Buy · 1 Hold · 0 Sell,Strong Buy,01/10/23,75.0
61,WAT,WATERCO LIMITED,Consumer Durables & Apparel,4.2,0.00 (0.00),$4.00 - $4.20,0.0,568.0,,‐ - ‐,$4.20,6:58pm 03/11 (AEDT),+0.24%,+0.48%,+2.69%,+5.00%,-1.19%,+3.25%,147776021.0,"792 of 2,408",70 of 150,35184767.0,Consumer Cyclical,RBL / MTO / FWD,0.307,0.1,3.402,nan,nan,nan,13.681
62,AVJ,AVJENNINGS LIMITED,Consumer Durables & Apparel,0.26,0.005 (1.96%),$0.26 - $0.28,144845.0,351328.0,0.26,$0.25 - $0.26,$0.255,6:58pm 03/11 (AEDT),+1.96%,-23.80%,-25.68%,-21.82%,-20.32%,-23.57%,129125298.0,"835 of 2,408",73 of 150,496635761.0,Consumer Cyclical,GLB / STP / VVA,0.045,0.011,0.846,nan,nan,nan,5.778
63,GLB,GLOBE INTERNATIONAL LIMITED,Consumer Durables & Apparel,3.1,0.05 (1.64%),$2.85 - $3.09,526.0,1341.0,3.1,$3.10 - $3.10,$3.05,6:58pm 03/11 (AEDT),+1.64%,+1.64%,+3.33%,+3.68%,-2.51%,+1.93%,128537836.0,"838 of 2,408",74 of 150,41463818.0,Consumer Cyclical,AVJ / STP / VVA,0.038,0.07,1.694,nan,nan,nan,81.579
64,TWD,TAMAWOOD LIMITED,Consumer Durables & Apparel,2.63,0.09 (3.54%),$2.63 - $2.68,19621.0,6969.0,2.57,$2.57 - $2.65,$2.54,6:58pm 03/11 (AEDT),+9.58%,+22.33%,+13.85%,+9.58%,+3.40%,+7.83%,93198631.0,"940 of 2,408",81 of 150,35436742.0,Consumer Cyclical,FUN / BET / ABY,0.06,0.13,0.749,nan,nan,nan,43.833
65,SHM,SHRIRO HOLDINGS LIMITED,Consumer Durables & Apparel,0.845,0.00 (0.00),$0.84 - $0.845,41138.0,15859.0,0.845,$0.84 - $0.845,$0.845,6:58pm 03/11 (AEDT),-0.59%,0.00,+9.74%,+8.33%,+2.15%,+6.58%,81471241.0,"987 of 2,408",86 of 150,96415670.0,Consumer Cyclical,JYC / SGH / BET,0.101,0.135,0.707,nan,nan,nan,8.366
66,SIO,SIMONDS GROUP LIMITED,Consumer Durables & Apparel,0.18,0.03 (20.00%),$0.145 - $0.18,164711.0,5199.0,0.15,$0.15 - $0.18,$0.15,6:58pm 03/11 (AEDT),+20.00%,+12.50%,+50.00%,+11.73%,+5.54%,+9.97%,64783161.0,"1,070 of 2,408",91 of 150,359906450.0,Consumer Cyclical,CCX / KED / DSK,-0.137,0.0,0.025,nan,nan,nan,-1.314
67,GAP,GALE PACIFIC LIMITED,Consumer Durables & Apparel,0.1875,0.0025 (1.35%),$0.185 - $0.19,10000.0,44243.0,0.19,$0.1875 - $0.19,$0.185,6:58pm 03/11 (AEDT),+1.35%,-10.71%,-34.21%,-37.50%,-43.69%,-39.25%,53252745.0,"1,145 of 2,408",95 of 150,284014642.0,Consumer Cyclical,EBG / RDH / DSK,0.013,0.01,0.291,nan,nan,nan,14.423
68,ALL,ARISTOCRAT LEISURE LIMITED,Consumer Services,39.32,0.22 (0.56%),$39.10 - $39.63,782289.0,1195642.0,39.8,$39.15 - $39.81,$39.10,6:58pm 03/11 (AEDT),+0.49%,-3.15%,+28.83%,+5.22%,-0.97%,+3.46%,25501382817.0,"16 of 2,408",2 of 150,648560092.0,Consumer Cyclical,TLC / CWN / IEL,1.641,0.56,3.287,13 Buy · 2 Hold · 0 Sell,Strong Buy,01/10/23,23.961
69,LNW,LIGHT & WONDER INC.,Consumer Services,117.93,4.14 (3.64%),‐ - ‐,127849.0,91994.0,117.78,$116.24 - $117.93,$113.79,6:58pm 03/11 (AEDT),-0.54%,+6.68%,+29.59%,+29.59%,-,+27.84%,1724849369.0,"211 of 2,408",21 of 150,14626044.0,Consumer Cyclical,IVC / SGR / TAH,0.46,0.0,-31.426,10 Buy · 4 Hold · 0 Sell,Strong Buy,01/10/23,256.37
70,TLC,THE LOTTERY CORPORATION LIMITED,Consumer Services,4.6,0.02 (-0.43%),$4.57 - $4.61,2926372.0,3740443.0,4.68,$4.57 - $4.68,$4.62,6:58pm 03/11 (AEDT),+3.60%,-1.08%,+2.68%,+7.48%,-,+5.72%,10238549834.0,"49 of 2,408",3 of 150,2225771703.0,Consumer Cyclical,CWN / IEL / JBH,0.119,0.15,-1.216,10 Buy · 8 Hold · 0 Sell,Buy,01/10/23,38.655
71,IEL,IDP EDUCATION LIMITED,Consumer Services,23.2,0.46 (2.02%),$23.18 - $23.50,623214.0,992837.0,23.3,$22.80 - $23.39,$22.74,6:58pm 03/11 (AEDT),+3.85%,+9.07%,-14.64%,-19.44%,-25.63%,-21.20%,6457400095.0,"78 of 2,408",5 of 150,278336211.0,Consumer Cyclical,JBH / DMP / HVN,0.533,0.41,-0.075,12 Buy · 3 Hold · 2 Sell,Buy,01/10/23,43.527
72,DMP,DOMINO'S PIZZA ENTERPRISES LIMITED,Consumer Services,51.95,0.63 (1.23%),$51.81 - $52.00,358193.0,321427.0,52.28,$51.80 - $52.85,$51.32,6:58pm 03/11 (AEDT),+3.94%,+1.84%,-21.58%,-1.94%,-8.13%,-3.70%,4665552510.0,"99 of 2,408",7 of 150,89808518.0,Consumer Cyclical,HVN / JBH / FLT,0.761,1.1,-7.52,8 Buy · 7 Hold · 3 Sell,Hold,01/10/23,68.265
73,FLT,FLIGHT CENTRE TRAVEL GROUP LIMITED,Consumer Services,19.07,0.16 (0.85%),$19.00 - $19.08,548906.0,984113.0,19.02,$18.93 - $19.175,$18.91,6:58pm 03/11 (AEDT),+4.90%,-0.21%,+31.61%,+12.91%,+6.72%,+11.15%,4184486392.0,"107 of 2,408",9 of 150,219427708.0,Consumer Cyclical,HVN / PMV / DMP,0.225,0.18,0.367,13 Buy · 6 Hold · 1 Sell,Buy,01/10/23,84.756
74,CTD,CORPORATE TRAVEL MANAGEMENT LIMITED,Consumer Services,16.92,0.10 (0.60%),$16.89 - $16.95,311741.0,442415.0,17.1,$16.87 - $17.18,$16.82,6:58pm 03/11 (AEDT),+1.68%,+2.67%,+14.87%,-3.37%,-9.56%,-5.12%,2475831622.0,"159 of 2,408",15 of 150,146325746.0,Consumer Cyclical,WEB / ARB / LOV,0.529,0.28,1.115,15 Buy · 4 Hold · 2 Sell,Buy,01/10/23,31.985
75,WEB,WEBJET LIMITED,Consumer Services,6.27,0.08 (1.29%),$6.25 - $6.29,1048677.0,1355905.0,6.3,$6.26 - $6.34,$6.19,6:58pm 03/11 (AEDT),+3.47%,-5.00%,+1.46%,+19.20%,+13.02%,+17.45%,2420108106.0,"162 of 2,408",16 of 150,385982154.0,Consumer Cyclical,CTD / ARB / LOV,0.038,0.0,0.082,12 Buy · 6 Hold · 1 Sell,Buy,01/10/23,165.0
76,TAH,TABCORP HOLDINGS LIMITED,Consumer Services,0.815,0.00 (0.00),$0.81 - $0.825,3166111.0,6794018.0,0.825,$0.81 - $0.83,$0.815,6:58pm 03/11 (AEDT),+3.16%,-12.83%,-24.19%,-15.10%,-21.29%,-16.86%,1860164956.0,"193 of 2,408",19 of 150,2282410989.0,Consumer Cyclical,BAP / IVC / LNW,0.029,0.023,-0.213,9 Buy · 5 Hold · 1 Sell,Buy,01/10/23,28.103
77,IVC,INVOCARE LIMITED,Consumer Services,12.67,0.01 (0.08%),$12.66 - $12.69,2312768.0,498571.0,12.68,$12.66 - $12.69,$12.66,7:01pm 03/11 (AEDT),+0.24%,+0.88%,+14.87%,+22.06%,+15.88%,+20.31%,1825249487.0,"197 of 2,408",20 of 150,144060733.0,Consumer Cyclical,TAH / BAP / LNW,0.135,0.11,2.157,0 Buy · 7 Hold · 4 Sell,Sell,01/10/23,93.852
78,WOW,WOOLWORTHS GROUP LIMITED,Consumer Staples Distribution & Retail,35.5,0.40 (1.14%),$35.50 - $35.54,1874760.0,1876943.0,35.38,$35.18 - $35.60,$35.10,6:58pm 03/11 (AEDT),+0.91%,-3.72%,+5.78%,+10.76%,+12.77%,+9.01%,43366233030.0,"13 of 2,408",1 of 99,1221584029.0,Consumer Defensive,COL / CCL / EDV,1.323,1.04,0.601,10 Buy · 6 Hold · 3 Sell,Buy,01/10/23,26.833
79,COL,COLES GROUP LIMITED.,Consumer Staples Distribution & Retail,15.45,0.12 (0.78%),$15.39 - $15.47,2191862.0,2769498.0,15.57,$15.38 - $15.57,$15.33,6:58pm 03/11 (AEDT),+3.14%,-0.13%,-7.60%,-4.28%,-2.27%,-6.03%,20678149200.0,"21 of 2,408",2 of 99,1338391534.0,Consumer Defensive,CCL / EDV / TWE,0.779,0.66,0.987,3 Buy · 10 Hold · 8 Sell,Sell,01/10/23,19.833
80,EDV,ENDEAVOUR GROUP LIMITED,Consumer Staples Distribution & Retail,5.01,0.08 (1.62%),$5.00 - $5.03,4089519.0,4594666.0,4.97,$4.94 - $5.06,$4.93,6:58pm 03/11 (AEDT),+3.30%,-4.21%,-21.96%,-28.63%,-,-30.39%,8972809885.0,"53 of 2,408",4 of 99,1790980017.0,Consumer Defensive,CCL / TWE / MTS,0.295,0.293,-0.308,7 Buy · 6 Hold · 3 Sell,Hold,01/10/23,16.983
81,MTS,METCASH LIMITED,Consumer Staples Distribution & Retail,3.74,0.02 (0.54%),$3.73 - $3.76,2821272.0,2448800.0,3.74,$3.72 - $3.775,$3.72,6:58pm 03/11 (AEDT),+2.75%,+0.27%,-6.03%,-6.03%,-4.02%,-7.78%,3654204651.0,"115 of 2,408",6 of 99,977060067.0,Consumer Defensive,A2M / BKL / GNC,0.267,0.225,0.183,8 Buy · 5 Hold · 2 Sell,Buy,01/10/23,14.007
82,GNC,GRAINCORP LIMITED,Consumer Staples Distribution & Retail,7.14,0.10 (1.42%),$7.06 - $7.15,403841.0,484478.0,7.15,$7.11 - $7.22,$7.04,6:58pm 03/11 (AEDT),+5.47%,+5.31%,-3.77%,-13.45%,-11.45%,-15.21%,1601766159.0,"227 of 2,408",9 of 99,224336997.0,Consumer Defensive,UMG / CGC / ING,1.487,0.54,6.034,7 Buy · 4 Hold · 1 Sell,Buy,01/10/23,4.802
83,MMM,MARLEY SPOON SE,Consumer Staples Distribution & Retail,0.066,0.003 (4.76%),$0.066 - $0.07,454964.0,161094.0,0.065,$0.065 - $0.066,$0.063,6:58pm 03/11 (AEDT),-5.71%,-8.33%,-49.23%,-68.57%,-74.76%,-70.33%,25961742.0,"1,438 of 2,408",55 of 99,393359730.0,Consumer Defensive,WNX / BXN / SFG,-0.004,0.0,-0.17,nan,nan,nan,-16.5
84,WDS,WOODSIDE ENERGY GROUP LTD,Energy,34.01,0.16 (0.47%),$34.00 - $34.05,4262254.0,5111264.0,34.1,$33.81 - $34.28,$33.85,6:58pm 03/11 (AEDT),-2.55%,-6.18%,-4.03%,-7.43%,-3.44%,-9.19%,64576479712.0,"8 of 2,408",1 of 171,1898749771.0,Energy,WPL / STO / OSH,3.734,3.3974,16.707,8 Buy · 7 Hold · 4 Sell,Hold,01/10/23,9.108
85,STO,SANTOS LIMITED,Energy,7.42,0.09 (-1.20%),$7.39 - $7.45,10850167.0,8129617.0,7.59,$7.36 - $7.60,$7.51,6:58pm 03/11 (AEDT),-4.75%,-5.72%,+3.92%,-5.12%,-1.12%,-6.87%,24098475371.0,"17 of 2,408",3 of 171,3247772961.0,Energy,WPL / OSH / ALD,0.523,0.3576,4.204,15 Buy · 4 Hold · 0 Sell,Strong Buy,01/10/23,14.187
86,ALD,AMPOL LIMITED,Energy,33.08,0.33 (1.01%),$32.90 - $33.20,664103.0,750220.0,33.19,$32.96 - $33.25,$32.75,6:58pm 03/11 (AEDT),+4.12%,-2.22%,+16.97%,+19.55%,+23.54%,+17.80%,7883033435.0,"66 of 2,408",5 of 171,238302099.0,Energy,OSH / YAL / WHC,0.535,2.5,8.53,11 Buy · 3 Hold · 0 Sell,Strong Buy,01/10/23,61.832
87,YAL,YANCOAL AUSTRALIA LIMITED,Energy,4.71,0.07 (-1.46%),$4.70 - $4.72,1437445.0,1718133.0,4.8,$4.68 - $4.84,$4.78,6:58pm 03/11 (AEDT),-5.23%,-9.94%,-22.28%,-9.42%,-5.43%,-11.18%,6219269748.0,"84 of 2,408",6 of 171,1320439437.0,Energy,WHC / NHC / ALD,2.124,1.07,5.979,4 Buy · 1 Hold · 0 Sell,Strong Buy,01/10/23,2.218
88,WHC,WHITEHAVEN COAL LIMITED,Energy,7.15,0.14 (-1.92%),$7.15 - $7.16,4881885.0,8099005.0,7.33,$7.135 - $7.38,$7.29,6:58pm 03/11 (AEDT),-7.98%,-0.56%,-24.10%,-24.02%,-20.03%,-25.77%,5981695606.0,"87 of 2,408",7 of 171,836600784.0,Energy,YAL / NHC / VEA,3.028,0.74,6.273,6 Buy · 8 Hold · 2 Sell,Hold,01/10/23,2.361
89,NXG,NEXGEN ENERGY (CANADA) LTD,Energy,9.69,0.16 (1.68%),$9.64 - $9.85,1887.0,34016.0,9.6,$9.60 - $9.85,$9.53,6:58pm 03/11 (AEDT),+3.42%,+3.42%,+45.71%,+59.37%,+63.37%,+57.62%,256271769.0,"618 of 2,408",28 of 171,26447035.0,Energy,HZN / CVN / COE,-0.14,0.0,0.849,15 Buy · 1 Hold · 0 Sell,Strong Buy,01/10/23,-69.214
90,NHC,NEW HOPE CORPORATION LIMITED,Energy,5.43,0.04 (-0.73%),$5.43 - $5.52,3631956.0,3651414.0,5.53,$5.38 - $5.57,$5.47,6:58pm 03/11 (AEDT),-10.54%,-15.29%,-14.62%,-10.84%,-6.85%,-12.59%,4590171570.0,"102 of 2,408",8 of 171,845335464.0,Energy,VEA / BPT / WHC,1.186,0.96,2.902,0 Buy · 4 Hold · 7 Sell,Strong Sell,01/10/23,4.578
91,VEA,VIVA ENERGY GROUP LIMITED,Energy,2.88,0.03 (1.05%),$2.85 - $2.89,10554541.0,4478451.0,2.89,$2.84 - $2.89,$2.85,6:58pm 03/11 (AEDT),+1.41%,-4.00%,+5.49%,+1.41%,+5.40%,-0.35%,4447198791.0,"104 of 2,408",9 of 171,1544166247.0,Energy,NHC / BPT / PDN,-0.056,0.218,1.141,7 Buy · 7 Hold · 0 Sell,Buy,01/10/23,-51.429
92,BPT,BEACH ENERGY LIMITED,Energy,1.525,0.02 (-1.29%),$1.525 - $1.53,5569880.0,6835981.0,1.575,$1.525 - $1.575,$1.545,6:58pm 03/11 (AEDT),-0.97%,-6.44%,-4.39%,-5.57%,-1.58%,-7.33%,3479033825.0,"121 of 2,408",10 of 171,2281333656.0,Energy,PDN / VEA / NHC,0.176,0.04,1.666,12 Buy · 5 Hold · 3 Sell,Buy,01/10/23,8.665
93,PDN,PALADIN ENERGY LTD,Energy,1.005,0.015 (-1.47%),$1.00 - $1.01,21560872.0,17898358.0,1.04,$1.00 - $1.05,$1.02,6:58pm 03/11 (AEDT),+1.52%,-8.64%,+43.57%,+21.82%,+25.81%,+20.06%,2998292411.0,"136 of 2,408",11 of 171,2983375533.0,Energy,BPT / ZEL / BOE,-0.004,0.0,0.031,8 Buy · 2 Hold · 1 Sell,Buy,01/10/23,-251.25
94,GMG,GOODMAN GROUP,Equity Real Estate Investment Trusts (REITs),22.04,0.37 (1.71%),$22.01 - $22.15,4016206.0,3131924.0,22.49,$21.95 - $22.58,$21.67,6:58pm 03/11 (AEDT),+9.38%,+1.71%,+26.96%,+29.88%,+31.38%,+28.12%,41857972845.0,"14 of 2,408",1 of 99,1899182071.0,Real Estate,SCG / SGP / VCX,0.813,0.3,9.043,14 Buy · 1 Hold · 0 Sell,Strong Buy,01/10/23,27.109
95,SCG,SCENTRE GROUP,Equity Real Estate Investment Trusts (REITs),2.58,0.06 (2.38%),$2.56 - $2.59,11435568.0,10571001.0,2.57,$2.56 - $2.60,$2.52,6:58pm 03/11 (AEDT),+6.61%,+4.45%,-10.42%,-10.42%,-8.92%,-12.17%,13391176115.0,"34 of 2,408",2 of 99,5190378339.0,Real Estate,SGP / VCX / MGR,-0.006,0.165,3.57,10 Buy · 3 Hold · 2 Sell,Buy,01/10/23,-430.0
96,URW,UNIBAIL-RODAMCO-WESTFIELD,Equity Real Estate Investment Trusts (REITs),4.18,0.27 (6.91%),$4.06 - $4.20,555107.0,234822.0,4.16,$4.16 - $4.21,$3.91,6:58pm 03/11 (AEDT),+21.51%,+8.85%,+8.29%,+10.88%,+12.38%,+9.12%,635739460.0,"388 of 2,408",41 of 99,152090780.0,Real Estate,PWG / QAL / RFF,-0.346,0.0,6.213,9 Buy · 8 Hold · 5 Sell,Hold,01/10/23,-12.081
97,SGP,STOCKLAND,Equity Real Estate Investment Trusts (REITs),3.73,0.07 (1.91%),$3.72 - $3.75,10141246.0,6461825.0,3.7,$3.69 - $3.75,$3.66,6:58pm 03/11 (AEDT),+4.78%,-4.36%,+2.75%,+7.80%,+9.30%,+6.05%,8904150299.0,"55 of 2,408",3 of 99,2387171662.0,Real Estate,VCX / MGR / GPT,0.182,0.262,2.243,7 Buy · 4 Hold · 3 Sell,Hold,01/10/23,20.495
98,VCX,VICINITY CENTRES,Equity Real Estate Investment Trusts (REITs),1.795,0.025 (1.41%),$1.79 - $1.805,18463593.0,12035124.0,1.81,$1.795 - $1.825,$1.77,6:58pm 03/11 (AEDT),+4.66%,+4.97%,-10.25%,-5.77%,-4.27%,-7.53%,8171334268.0,"63 of 2,408",4 of 99,4552275358.0,Real Estate,MGR / GPT / SGP,0.06,0.12,2.301,1 Buy · 11 Hold · 6 Sell,Sell,01/10/23,29.917
99,MGR,MIRVAC GROUP,Equity Real Estate Investment Trusts (REITs),1.945,0.04 (2.10%),$1.93 - $1.95,14662763.0,11920309.0,1.95,$1.92 - $1.97,$1.905,6:58pm 03/11 (AEDT),+3.46%,-8.69%,-8.69%,-4.19%,-2.69%,-5.94%,7674698122.0,"69 of 2,408",5 of 99,3945860217.0,Real Estate,GPT / DXS / VCX,-0.042,0.105,2.656,3 Buy · 5 Hold · 8 Sell,Sell,01/10/23,-46.31
100,GPT,GPT GROUP,Equity Real Estate Investment Trusts (REITs),3.89,0.08 (2.10%),$3.86 - $3.90,7198814.0,4961637.0,3.92,$3.85 - $3.93,$3.81,6:58pm 03/11 (AEDT),+9.58%,-0.26%,-7.38%,-9.95%,-8.45%,-11.71%,7451596203.0,"70 of 2,408",6 of 99,1915577430.0,Real Estate,DXS / MGR / VCX,-0.033,0.248,5.978,8 Buy · 3 Hold · 4 Sell,Hold,01/10/23,-117.879
101,DXS,DEXUS,Equity Real Estate Investment Trusts (REITs),6.89,0.17 (2.53%),$6.84 - $6.94,2937146.0,3542683.0,6.89,$6.85 - $6.94,$6.72,6:58pm 03/11 (AEDT),+5.67%,-5.49%,-11.10%,-9.34%,-7.84%,-11.10%,7410644545.0,"71 of 2,408",7 of 99,1075565246.0,Real Estate,GPT / MGR / VCX,-0.637,0.516,10.771,9 Buy · 4 Hold · 2 Sell,Buy,01/10/23,-10.816
102,CHC,CHARTER HALL GROUP,Equity Real Estate Investment Trusts (REITs),9.77,0.35 (3.72%),$9.65 - $9.86,1851170.0,1554849.0,9.69,$9.54 - $9.81,$9.42,6:58pm 03/11 (AEDT),+11.91%,+2.30%,-18.45%,-25.42%,-23.92%,-27.17%,4621182634.0,"100 of 2,408",8 of 99,472997199.0,Real Estate,LLC / SCP / NSR,0.407,0.4254,6.642,9 Buy · 5 Hold · 1 Sell,Buy,01/10/23,24.005
103,NSR,NATIONAL STORAGE REIT,Equity Real Estate Investment Trusts (REITs),2.06,0.03 (1.48%),$2.04 - $2.08,4216672.0,2726955.0,2.07,$2.04 - $2.08,$2.03,6:58pm 03/11 (AEDT),+0.98%,-5.50%,-11.21%,-17.60%,-16.10%,-19.35%,2803926716.0,"145 of 2,408",11 of 99,1361129474.0,Real Estate,SCP / RGN / CLW,0.258,0.11,0.166,6 Buy · 5 Hold · 2 Sell,Hold,01/10/23,7.984
104,MQG,MACQUARIE GROUP LIMITED,Financial Services,163.24,2.85 (1.78%),$163.00 - $163.30,1915313.0,803831.0,157.2,$155.30 - $163.46,$160.39,6:58pm 03/11 (AEDT),+1.14%,-2.75%,-2.23%,-1.93%,+1.59%,-3.68%,63088465323.0,"9 of 2,408",5 of 573,386476754.0,Financial Services,WBC / ANZ / NAB,13.163,7.5,75.886,11 Buy · 6 Hold · 0 Sell,Buy,01/10/23,12.401
105,SQ2,BLOCK INC.,Financial Services,81.18,16.33 (25.18%),$80.50 - $81.40,931761.0,129214.0,78.32,$78.32 - $81.50,$64.85,6:58pm 03/11 (AEDT),+24.03%,+16.59%,-11.70%,-7.19%,-,-8.95%,2742416022.0,"149 of 2,408",38 of 573,33781917.0,Financial Services,HUB / VEU / ETHI,-0.43,0.0,5.314,36 Buy · 13 Hold · 2 Sell,Buy,01/10/23,-188.791
106,SOL,WASHINGTON H SOUL PATTINSON & COMPANY LIMITED,Financial Services,34.35,0.46 (1.36%),$34.00 - $34.45,390045.0,379902.0,34.28,$34.08 - $34.59,$33.89,6:58pm 03/11 (AEDT),+0.67%,+4.98%,+24.19%,+23.30%,+27.29%,+21.54%,12399246094.0,"37 of 2,408",10 of 573,360967863.0,Financial Services,VAS / ASX / IAG,2.186,0.94,23.443,4 Buy · 1 Hold · 0 Sell,Strong Buy,01/10/23,15.714
107,ASX,ASX LIMITED,Financial Services,57.04,0.11 (0.19%),$56.80 - $57.40,526613.0,399858.0,57.49,$56.59 - $57.49,$56.93,6:58pm 03/11 (AEDT),+2.72%,+0.11%,-16.14%,-14.32%,-10.80%,-16.07%,11042668040.0,"44 of 2,408",11 of 573,193595162.0,Financial Services,SOL / VAS / MPL,1.639,2.283,1.782,2 Buy · 7 Hold · 8 Sell,Sell,01/10/23,34.802
108,JHG,JANUS HENDERSON GROUP PLC,Financial Services,38.4,1.15 (3.09%),$37.60 - $38.42,301074.0,44414.0,38.01,$37.60 - $38.40,$37.25,6:58pm 03/11 (AEDT),+9.40%,-4.79%,+9.22%,+9.90%,+13.42%,+8.15%,329621914.0,"538 of 2,408",183 of 573,8583904.0,Financial Services,MYS / WXOZ / VAE,2.03,2.3479,4.177,0 Buy · 7 Hold · 9 Sell,Strong Sell,01/10/23,18.916
109,CGF,CHALLENGER LIMITED,Financial Services,6.0,0.02 (0.33%),$5.97 - $6.11,1118381.0,1431728.0,6.0,$5.97 - $6.09,$5.98,6:58pm 03/11 (AEDT),+2.92%,-5.96%,-21.26%,-14.77%,-11.26%,-16.53%,4145219850.0,"108 of 2,408",23 of 573,690869975.0,Financial Services,GQG / QUAL / IOZ,0.39,0.24,5.172,9 Buy · 6 Hold · 1 Sell,Buy,01/10/23,15.385
110,GQG,GQG PARTNERS INC.,Financial Services,1.37,0.03 (2.24%),$1.35 - $1.38,1982208.0,3047845.0,1.36,$1.345 - $1.375,$1.34,6:58pm 03/11 (AEDT),+2.62%,0.00,-1.79%,0.00,-,-1.75%,4045343445.0,"110 of 2,408",24 of 573,2952805434.0,Financial Services,QUAL / CGF / IOZ,0.081,0.0831,0.105,8 Buy · 1 Hold · 0 Sell,Strong Buy,01/10/23,16.914
111,NWL,NETWEALTH GROUP LIMITED,Financial Services,13.45,0.15 (1.13%),$13.30 - $13.92,362007.0,452800.0,13.5,$13.36 - $13.70,$13.30,6:58pm 03/11 (AEDT),+8.03%,-9.37%,+11.16%,+9.26%,+12.78%,+7.51%,3282154515.0,"125 of 2,408",30 of 573,244026358.0,Financial Services,AAA / A200 / NDQ,0.243,0.24,0.478,8 Buy · 6 Hold · 3 Sell,Hold,01/10/23,55.35
112,AMP,AMP LIMITED,Financial Services,1.045,0.005 (0.48%),$1.04 - $1.05,6486602.0,10543204.0,1.055,$1.04 - $1.06,$1.04,6:58pm 03/11 (AEDT),+1.95%,-14.34%,-20.53%,-17.06%,-13.55%,-18.82%,2874570148.0,"143 of 2,408",36 of 573,2750784831.0,Financial Services,IOO / AUB / VHY,-0.014,0.05,1.329,1 Buy · 7 Hold · 6 Sell,Sell,01/10/23,-74.643
113,HUB,HUB24 LIMITED,Financial Services,32.25,0.47 (1.48%),$31.85 - $32.50,162990.0,259280.0,31.8,$31.53 - $32.39,$31.78,6:58pm 03/11 (AEDT),+5.36%,+0.19%,+21.29%,+25.39%,+28.91%,+23.64%,2623516151.0,"150 of 2,408",39 of 573,81349338.0,Financial Services,VEU / SQ2 / ETHI,0.461,0.325,0.629,7 Buy · 8 Hold · 1 Sell,Buy,01/10/23,69.957
114,TWE,TREASURY WINE ESTATES LIMITED,"Food, Beverage & Tobacco",11.04,1.06 (-8.76%),$11.02 - $11.19,10019715.0,2147718.0,11.35,$10.75 - $11.44,$12.10,6:58pm 03/11 (AEDT),-6.81%,-7.81%,-18.04%,-12.51%,-11.40%,-15.17%,7969203863.0,"64 of 2,408",5 of 99,721848176.0,Consumer Defensive,EDV / CCL / MTS,0.473,0.35,3.339,14 Buy · 3 Hold · 3 Sell,Buy,01/10/23,23.34
115,A2M,THE A2 MILK COMPANY LIMITED,"Food, Beverage & Tobacco",4.0,0.08 (2.04%),$4.00 - $4.03,2613072.0,2330715.0,3.94,$3.94 - $4.02,$3.92,6:58pm 03/11 (AEDT),+3.09%,-5.88%,-41.86%,-27.14%,-25.13%,-28.89%,2891739232.0,"142 of 2,408",7 of 99,722934808.0,Consumer Defensive,MTS / BKL / GNC,0.211,0.0,1.437,5 Buy · 4 Hold · 1 Sell,Buy,01/10/23,18.957
116,CGC,COSTA GROUP HOLDINGS LIMITED,"Food, Beverage & Tobacco",3.14,0.04 (1.29%),$3.11 - $3.14,2242742.0,3106760.0,3.11,$3.10 - $3.14,$3.10,6:58pm 03/11 (AEDT),+1.29%,+0.32%,+14.18%,+22.18%,+24.19%,+20.43%,1459188750.0,"243 of 2,408",11 of 99,464709793.0,Consumer Defensive,ING / UMG / GNC,0.046,0.05,1.045,7 Buy · 7 Hold · 0 Sell,Buy,01/10/23,68.261
117,ING,INGHAMS GROUP LIMITED,"Food, Beverage & Tobacco",3.92,0.01 (0.26%),$3.91 - $3.94,3193935.0,1778755.0,3.94,$3.88 - $3.95,$3.91,6:58pm 03/11 (AEDT),+16.32%,+17.72%,+37.06%,+46.27%,+48.28%,+44.52%,1456984036.0,"244 of 2,408",12 of 99,371679601.0,Consumer Defensive,CGC / UMG / GNC,0.037,0.145,0.543,10 Buy · 3 Hold · 1 Sell,Buy,01/10/23,105.946
118,ELD,ELDERS LIMITED,"Food, Beverage & Tobacco",6.2,0.20 (3.33%),$6.17 - $6.24,946430.0,643671.0,6.08,$6.01 - $6.24,$6.00,6:58pm 03/11 (AEDT),+5.26%,+8.39%,-38.86%,-52.74%,-50.74%,-54.50%,970154759.0,"304 of 2,408",14 of 99,156476574.0,Consumer Defensive,BGA / TGR / AHY,0.77,0.51,3.135,7 Buy · 7 Hold · 1 Sell,Buy,01/10/23,8.052
119,BGA,BEGA CHEESE LIMITED,"Food, Beverage & Tobacco",2.8,0.00 (0.00),$2.80 - $2.81,1367843.0,827132.0,2.83,$2.78 - $2.83,$2.80,6:58pm 03/11 (AEDT),-2.78%,+12.45%,-27.84%,-14.89%,-12.89%,-16.65%,852649770.0,"323 of 2,408",15 of 99,304517775.0,Consumer Defensive,AHY / AAC / ELD,-0.756,0.075,1.771,0 Buy · 8 Hold · 7 Sell,Sell,01/10/23,-3.704
120,AAC,AUSTRALIAN AGRICULTURAL COMPANY LIMITED.,"Food, Beverage & Tobacco",1.275,0.005 (0.39%),$1.265 - $1.31,475822.0,215816.0,1.27,$1.245 - $1.30,$1.27,6:58pm 03/11 (AEDT),+8.97%,-3.41%,-27.14%,-29.36%,-27.35%,-31.12%,768527602.0,"341 of 2,408",17 of 99,602766747.0,Consumer Defensive,AHY / RIC / BGA,0.008,0.0,2.57,4 Buy · 1 Hold · 0 Sell,Strong Buy,01/10/23,159.375
121,RIC,RIDLEY CORPORATION LIMITED,"Food, Beverage & Tobacco",2.22,0.01 (-0.45%),$2.19 - $2.26,398801.0,512985.0,2.23,$2.21 - $2.26,$2.23,6:58pm 03/11 (AEDT),+3.26%,-3.48%,+12.12%,+3.26%,+5.27%,+1.50%,701148623.0,"364 of 2,408",18 of 99,315832713.0,Consumer Defensive,AAC / AHY / BGA,0.131,0.0825,0.854,7 Buy · 2 Hold · 0 Sell,Strong Buy,01/10/23,16.947
122,CBO,COBRAM ESTATE OLIVES LIMITED,"Food, Beverage & Tobacco",1.29,0.01 (0.78%),$1.29 - $1.32,317234.0,236616.0,1.285,$1.23 - $1.32,$1.28,6:58pm 03/11 (AEDT),-1.15%,-4.80%,-11.95%,-16.77%,-,-18.53%,536347414.0,"413 of 2,408",19 of 99,415773189.0,Consumer Defensive,SHV / HUO / SGLLV,0.018,0.033,0.676,6 Buy · 1 Hold · 1 Sell,Buy,01/10/23,71.667
123,SHV,SELECT HARVESTS LIMITED,"Food, Beverage & Tobacco",4.07,0.16 (4.09%),$4.00 - $4.20,211415.0,180717.0,3.9,$3.90 - $4.10,$3.91,6:58pm 03/11 (AEDT),+2.78%,+2.26%,+4.36%,-23.21%,-21.20%,-24.96%,492708762.0,"431 of 2,408",20 of 99,121058664.0,Consumer Defensive,CBO / HUO / SGLLV,-0.775,0.02,3.579,6 Buy · 2 Hold · 1 Sell,Buy,01/10/23,-5.252
124,RMD,RESMED INC,Health Care Equipment & Services,23.15,0.29 (-1.24%),$23.12 - $23.44,3827691.0,3549122.0,23.42,$23.13 - $23.60,$23.44,6:58pm 03/11 (AEDT),+3.07%,+0.96%,-25.23%,-32.41%,-22.29%,-34.16%,13109666745.0,"38 of 2,408",4 of 219,566292300.0,Healthcare,FPH / RHC / SHL,0.615,0.1894,0.549,10 Buy · 7 Hold · 0 Sell,Buy,01/10/23,37.642
125,COH,COCHLEAR LIMITED,Health Care Equipment & Services,247.58,1.65 (0.67%),$245.70 - $248.52,104162.0,140143.0,247.27,$245.68 - $249.17,$245.93,6:58pm 03/11 (AEDT),+2.04%,-2.81%,+21.29%,+27.30%,+37.41%,+25.54%,16224882962.0,"28 of 2,408",2 of 219,65533900.0,Healthcare,SHL / RMD / FPH,4.561,3.3,0.097,3 Buy · 12 Hold · 9 Sell,Sell,01/10/23,54.282
126,SHL,SONIC HEALTHCARE LIMITED,Health Care Equipment & Services,29.52,0.32 (1.10%),$29.41 - $29.59,895079.0,979937.0,29.43,$29.30 - $29.63,$29.20,6:58pm 03/11 (AEDT),+2.93%,-1.20%,-1.50%,-8.55%,+1.57%,-10.30%,14005162117.0,"33 of 2,408",3 of 219,474429611.0,Healthcare,RMD / COH / FPH,1.45,1.04,-0.112,10 Buy · 6 Hold · 4 Sell,Hold,01/10/23,20.359
127,FPH,FISHER & PAYKEL HEALTHCARE CORPORATION LIMITED,Health Care Equipment & Services,20.14,0.41 (2.08%),$19.90 - $20.17,271490.0,326399.0,19.9,$19.79 - $20.27,$19.73,6:58pm 03/11 (AEDT),+5.33%,+1.26%,-5.36%,+13.91%,+24.03%,+12.16%,11724910789.0,"41 of 2,408",5 of 219,582170347.0,Healthcare,RHC / RMD / SHL,0.43,0.3762,2.878,1 Buy · 9 Hold · 7 Sell,Sell,01/10/23,46.837
128,RHC,RAMSAY HEALTH CARE LIMITED,Health Care Equipment & Services,50.7,0.41 (0.82%),$50.04 - $50.77,407709.0,404744.0,50.59,$50.31 - $51.17,$50.29,6:58pm 03/11 (AEDT),+3.68%,-0.94%,-21.64%,-12.48%,-2.37%,-14.24%,11632338732.0,"42 of 2,408",6 of 219,229434689.0,Healthcare,FPH / RMD / SHL,1.164,0.75,-8.756,6 Buy · 13 Hold · 1 Sell,Hold,01/10/23,43.557
129,PME,PRO MEDICUS LIMITED,Health Care Equipment & Services,81.67,1.78 (2.23%),$81.60 - $82.48,118951.0,164521.0,81.09,$80.60 - $82.38,$79.89,6:58pm 03/11 (AEDT),+7.66%,-2.55%,+47.79%,+46.86%,+56.98%,+45.11%,8530862636.0,"60 of 2,408",7 of 219,104455279.0,Healthcare,EBO / RHC / FPH,0.58,0.3,1.124,5 Buy · 10 Hold · 1 Sell,Hold,01/10/23,140.81
130,EBO,EBOS GROUP LIMITED,Health Care Equipment & Services,33.96,0.16 (0.47%),$33.80 - $34.00,10469.0,18946.0,34.28,$33.80 - $34.28,$33.80,6:58pm 03/11 (AEDT),+4.88%,+4.91%,-17.01%,-0.70%,+9.41%,-2.46%,6513789322.0,"77 of 2,408",8 of 219,191807695.0,Healthcare,PME / TLX / ANN,1.446,0.9093,-0.325,6 Buy · 5 Hold · 1 Sell,Buy,01/10/23,23.485
131,ANN,ANSELL LIMITED,Health Care Equipment & Services,22.15,0.40 (1.84%),$22.00 - $22.16,259172.0,234605.0,21.82,$21.82 - $22.18,$21.75,6:58pm 03/11 (AEDT),+4.43%,+0.82%,-21.57%,-21.31%,-11.20%,-23.07%,2785846610.0,"147 of 2,408",10 of 219,125771856.0,Healthcare,TLX / SNZ / NEU,1.167,0.6946,2.107,0 Buy · 10 Hold · 6 Sell,Sell,01/10/23,18.98
132,SNZ,SUMMERSET GROUP HOLDINGS LIMITED,Health Care Equipment & Services,8.9,0.02 (0.23%),$8.90 - $9.20,2.0,466.0,8.95,$8.90 - $8.95,$8.88,6:58pm 03/11 (AEDT),-0.22%,-2.84%,+7.23%,-1.87%,+8.24%,-3.63%,2085104300.0,"177 of 2,408",11 of 219,234281382.0,Healthcare,NEU / ANN / NAN,1.153,0.2685,9.375,6 Buy · 3 Hold · 0 Sell,Buy,01/10/23,7.719
133,NAN,NANOSONICS LIMITED,Health Care Equipment & Services,3.91,0.04 (1.03%),$3.89 - $3.93,752709.0,581378.0,3.95,$3.83 - $4.03,$3.87,6:58pm 03/11 (AEDT),+2.89%,-6.01%,-8.86%,-7.13%,+2.99%,-8.88%,1183195779.0,"275 of 2,408",13 of 219,302607616.0,Healthcare,HLS / PNV / NEU,0.065,0.0,0.541,3 Buy · 7 Hold · 7 Sell,Sell,01/10/23,60.154
134,PTL,PENTAL LIMITED,Household & Personal Products,0.4,0.00 (0.00),$0.40 - $0.405,17501.0,185870.0,0.4,$0.40 - $0.40,$0.40,6:58pm 03/11 (AEDT),+2.56%,+1.27%,+11.11%,+1.27%,+3.28%,-0.49%,68183800.0,"1,055 of 2,408",36 of 99,170459499.0,Consumer Defensive,CSS / DBF / GDA,0.031,0.023,0.179,nan,nan,nan,12.903
135,MCP,MCPHERSON'S LIMITED,Household & Personal Products,0.395,0.00 (0.00),$0.39 - $0.40,92577.0,45439.0,0.4,$0.39 - $0.405,$0.395,6:58pm 03/11 (AEDT),-3.66%,-11.24%,-41.04%,-41.91%,-39.90%,-43.67%,56859911.0,"1,118 of 2,408",39 of 99,143949141.0,Consumer Defensive,GDA / DBF / EHH,0.02,0.03,0.211,nan,nan,nan,19.75
136,BIO,BIOME AUSTRALIA LIMITED,Household & Personal Products,0.12,0.00 (0.00),$0.115 - $0.125,160641.0,190675.0,0.12,$0.12 - $0.12,$0.12,6:58pm 03/11 (AEDT),-7.69%,-11.11%,+70.21%,+42.86%,-,+41.10%,19561607.0,"1,556 of 2,408",63 of 99,163013394.0,Consumer Defensive,OJC / FRM / WLD,-0.022,0.0,0.032,nan,nan,nan,-5.455
137,BXN,BIOXYNE LIMITED,Household & Personal Products,0.013,0.00 (0.00),$0.011 - $0.013,300000.0,453684.0,0.013,$0.013 - $0.013,$0.013,6:58pm 03/11 (AEDT),+8.33%,+18.18%,-45.83%,-51.85%,-49.84%,-53.61%,24721390.0,"1,467 of 2,408",57 of 99,1901645398.0,Consumer Defensive,WNX / SFG / FOD,-0.001,0.0,0.001,nan,nan,nan,-13.0
138,S66,STAR COMBO PHARMA LIMITED,Household & Personal Products,0.11,0.00 (0.00),$0.12 - $0.20,0.0,1029.0,,‐ - ‐,$0.11,6:58pm 03/11 (AEDT),0.00,0.00,-26.67%,-37.14%,-35.13%,-38.90%,14859128.0,"1,683 of 2,408",66 of 99,135082981.0,Consumer Defensive,NUC / BFC / E33,-0.037,0.0,0.257,nan,nan,nan,-2.973
139,HPC,THE HYDRATION PHARMACEUTICALS COMPANY LIMITED,Household & Personal Products,0.027,0.002 (8.00%),$0.026 - $0.03,48933.0,41330.0,0.025,$0.025 - $0.03,$0.025,6:58pm 03/11 (AEDT),-12.90%,-28.95%,-69.05%,-80.11%,-,-81.86%,6686294.0,"2,014 of 2,408",78 of 99,247640513.0,Consumer Defensive,YOW / AAP / EXL,-0.088,0.0,0.022,nan,nan,nan,-0.307
140,EXL,ELIXINOL WELLNESS LIMITED,Household & Personal Products,0.009,0.00 (0.00),$0.009 - $0.01,1958812.0,592619.0,0.009,$0.008 - $0.009,$0.009,6:58pm 03/11 (AEDT),+28.57%,+50.00%,-57.14%,-68.97%,-66.96%,-70.72%,5682095.0,"2,094 of 2,408",80 of 99,631343835.0,Consumer Defensive,1AG / AAP / EVE,-0.02,0.0,0.014,nan,nan,nan,-0.45
141,SKN,SKIN ELEMENTS LIMITED,Household & Personal Products,0.006,0.00 (0.00),$0.006 - $0.007,0.0,531319.0,,‐ - ‐,$0.006,6:58pm 03/11 (AEDT),0.00,0.00,-62.63%,-73.53%,-71.52%,-75.28%,3536917.0,"2,248 of 2,408",86 of 99,589486095.0,Consumer Defensive,JJF / NZS / CCO,-0.007,0.0,0.004,nan,nan,nan,-0.857
142,CCO,THE CALMER CO INTERNATIONAL LIMITED,Household & Personal Products,0.004,0.00 (0.00),$0.003 - $0.004,125250.0,1811945.0,0.004,$0.004 - $0.004,$0.004,6:58pm 03/11 (AEDT),+14.29%,-11.11%,-73.33%,-80.00%,-,-81.75%,3268477.0,"2,271 of 2,408",89 of 99,817119281.0,Consumer Defensive,NZS / JJF / SKN,-0.016,0.0,-0.001,nan,nan,nan,-0.25
143,HCT,HOLISTA COLLTECH LIMITED,Household & Personal Products,0.01,0.00 (0.00),$0.009 - $0.012,0.0,138590.0,,‐ - ‐,$0.01,6:58pm 03/11 (AEDT),-23.08%,0.00,-65.52%,-67.74%,-65.73%,-69.50%,2788001.0,"2,299 of 2,408",92 of 99,278800067.0,Consumer Defensive,FFF / HLF / HVM,-0.007,0.0,0.01,nan,nan,nan,-1.429
144,QBE,QBE INSURANCE GROUP LIMITED,Insurance,15.68,0.13 (-0.82%),$15.50 - $15.84,3318064.0,3078372.0,15.94,$15.57 - $15.94,$15.81,6:58pm 03/11 (AEDT),+1.10%,+0.84%,+16.75%,+24.35%,+27.86%,+22.59%,23424592061.0,"18 of 2,408",6 of 573,1493915310.0,Financial Services,SUN / IAG / VAS,0.668,0.44,1.819,16 Buy · 1 Hold · 0 Sell,Strong Buy,01/10/23,23.473
145,SUN,SUNCORP GROUP LIMITED,Insurance,13.52,0.04 (-0.30%),$13.40 - $13.54,2425976.0,2415184.0,13.74,$13.47 - $13.74,$13.56,6:58pm 03/11 (AEDT),+0.07%,-2.52%,+12.29%,+14.48%,+18.00%,+12.73%,17173951893.0,"26 of 2,408",7 of 573,1270262714.0,Financial Services,IAG / VAS / SOL,0.885,0.6,6.304,15 Buy · 1 Hold · 0 Sell,Strong Buy,01/10/23,15.277
146,IAG,INSURANCE AUSTRALIA GROUP LIMITED,Insurance,5.77,0.04 (-0.69%),$5.72 - $5.80,3828550.0,5630267.0,5.83,$5.765 - $5.83,$5.81,6:58pm 03/11 (AEDT),+1.41%,+2.30%,+21.47%,+16.10%,+19.62%,+14.34%,14009548708.0,"32 of 2,408",8 of 573,2427998043.0,Financial Services,VAS / SOL / ASX,0.322,0.15,1.243,7 Buy · 8 Hold · 2 Sell,Hold,01/10/23,17.919
147,MPL,MEDIBANK PRIVATE LIMITED,Insurance,3.46,0.02 (0.58%),$3.45 - $3.48,2741059.0,5847753.0,3.45,$3.435 - $3.47,$3.44,6:58pm 03/11 (AEDT),-0.86%,+0.58%,+17.29%,+19.31%,+22.83%,+17.56%,9528851210.0,"52 of 2,408",12 of 573,2754003240.0,Financial Services,AFI / ASX / SOL,0.186,0.146,0.638,8 Buy · 7 Hold · 0 Sell,Buy,01/10/23,18.602
148,SDF,STEADFAST GROUP LIMITED,Insurance,5.52,0.05 (0.91%),$5.40 - $5.59,2544358.0,1641391.0,5.49,$5.42 - $5.54,$5.47,6:58pm 03/11 (AEDT),-1.25%,-1.08%,+0.91%,+8.88%,+12.39%,+7.12%,5732861660.0,"88 of 2,408",18 of 573,1038561895.0,Financial Services,IVV / VGS / BEN,0.184,0.15,-0.28,8 Buy · 7 Hold · 0 Sell,Buy,01/10/23,30.0
149,NHF,NIB HOLDINGS LIMITED,Insurance,7.35,0.07 (0.96%),$7.35 - $7.50,691828.0,816518.0,7.37,$7.30 - $7.40,$7.28,6:58pm 03/11 (AEDT),+1.10%,-0.54%,-5.16%,+6.37%,+9.89%,+4.61%,3559434149.0,"117 of 2,408",27 of 573,484276755.0,Financial Services,BOQ / VTS / NDQ,0.403,0.28,1.027,6 Buy · 9 Hold · 1 Sell,Buy,01/10/23,18.238
150,AUB,AUB GROUP LIMITED,Insurance,27.68,0.48 (1.77%),$27.50 - $27.84,350894.0,209517.0,27.44,$27.23 - $27.92,$27.20,6:58pm 03/11 (AEDT),+0.65%,-3.79%,+22.86%,+30.63%,+34.15%,+28.87%,3000667562.0,"135 of 2,408",35 of 573,108405620.0,Financial Services,VHY / GOLD / AMP,0.651,0.64,-6.245,13 Buy · 1 Hold · 0 Sell,Strong Buy,01/10/23,42.519
151,PSI,PSC INSURANCE GROUP LIMITED,Insurance,4.36,0.16 (-3.54%),$4.25 - $4.45,707680.0,63207.0,4.43,$4.20 - $4.45,$4.52,6:58pm 03/11 (AEDT),-4.60%,-8.98%,-12.97%,-11.92%,-8.40%,-13.67%,1567332687.0,"233 of 2,408",61 of 573,359479974.0,Financial Services,MFF / PPH / WAM,0.157,0.135,-0.184,8 Buy · 3 Hold · 0 Sell,Strong Buy,01/10/23,27.771
152,CVW,CLEARVIEW WEALTH LIMITED,Insurance,0.53,0.01 (1.92%),$0.52 - $0.535,116413.0,106991.0,0.535,$0.525 - $0.535,$0.52,6:58pm 03/11 (AEDT),-1.85%,+7.07%,+13.98%,+9.28%,+12.80%,+7.52%,350350483.0,"521 of 2,408",179 of 573,661038648.0,Financial Services,F100 / ALI / WDIV,0.033,0.03,0.692,nan,nan,nan,16.061
153,GDG,GENERATION DEVELOPMENT GROUP LIMITED,Insurance,1.505,0.00 (0.00),$1.50 - $1.55,0.0,60048.0,,‐ - ‐,$1.505,6:58pm 03/11 (AEDT),-2.90%,-5.05%,+21.37%,+29.18%,+32.70%,+27.43%,286868428.0,"585 of 2,408",206 of 573,190610251.0,Financial Services,IHD / PLUS / GBND,0.024,0.02,0.295,7 Buy · 1 Hold · 0 Sell,Strong Buy,01/10/23,62.708
154,BHP,BHP GROUP LIMITED,Materials,45.5,0.12 (0.26%),$45.50 - $45.52,6766318.0,7345298.0,45.8,$45.43 - $45.88,$45.38,6:58pm 03/11 (AEDT),+1.27%,+2.02%,-0.28%,+19.80%,+5.93%,+18.05%,230627660309.0,"1 of 2,408",1 of 978,5068739787.0,Basic Materials,FMG / RIO / NCM,2.547,2.6143,8.184,11 Buy · 9 Hold · 3 Sell,Buy,01/10/23,17.864
155,FMG,FORTESCUE METALS GROUP LTD,Materials,23.23,0.02 (-0.09%),$23.15 - $23.24,4598296.0,4429937.0,23.39,$23.06 - $23.47,$23.25,6:58pm 03/11 (AEDT),+4.59%,+10.30%,+13.26%,+52.03%,+38.16%,+50.28%,71524355045.0,"7 of 2,408",2 of 978,3078964918.0,Basic Materials,RIO / NCM / NEM,1.557,1.75,5.745,2 Buy · 3 Hold · 15 Sell,Strong Sell,01/10/23,14.92
156,NEM,NEWMONT CORPORATION,Materials,58.94,0.69 (1.19%),$58.50 - $60.00,324292.0,851714.0,59.26,$58.50 - $59.45,$58.25,6:58pm 03/11 (AEDT),-0.94%,-0.94%,-0.94%,-0.94%,-,-2.70%,20786006847.0,"20 of 2,408",5 of 978,352663842.0,Basic Materials,NCM / JHX / S32,-1.06,0.0,21.871,nan,nan,nan,-55.604
157,RIO,RIO TINTO LIMITED,Materials,122.6,0.84 (0.69%),$122.00 - $122.68,1560659.0,1213521.0,121.54,$121.52 - $123.15,$121.76,6:58pm 03/11 (AEDT),+4.19%,+6.76%,+5.32%,+35.38%,+21.51%,+33.63%,45511107836.0,"11 of 2,408",3 of 978,371216214.0,Basic Materials,NCM / NEM / FMG,5.27,5.8738,29.015,12 Buy · 5 Hold · 1 Sell,Buy,01/10/23,23.264
158,AMC,AMCOR PLC,Materials,13.79,0.13 (0.95%),$13.74 - $13.79,4111185.0,2242606.0,13.67,$13.63 - $13.79,$13.66,6:58pm 03/11 (AEDT),+1.70%,-2.96%,-22.09%,-19.92%,-33.79%,-21.67%,8847212777.0,"56 of 2,408",13 of 978,641567279.0,Basic Materials,BSL / OZL / PMGOLD,0.655,0.7394,-1.982,1 Buy · 6 Hold · 6 Sell,Sell,01/10/23,21.053
159,JHX,JAMES HARDIE INDUSTRIES PLC,Materials,41.1,0.23 (0.56%),$40.55 - $41.80,984502.0,1015583.0,41.56,$40.55 - $41.61,$40.87,6:58pm 03/11 (AEDT),+6.09%,+0.98%,+55.68%,+24.36%,+10.48%,+22.60%,17992463642.0,"25 of 2,408",6 of 978,437772838.0,Basic Materials,NEM / NCM / S32,1.14,0.0,2.866,14 Buy · 3 Hold · 1 Sell,Strong Buy,01/10/23,36.053
160,S32,SOUTH32 LIMITED,Materials,3.32,0.00 (0.00),$3.31 - $3.33,9145589.0,16906395.0,3.35,$3.31 - $3.36,$3.32,6:58pm 03/11 (AEDT),+2.47%,-4.87%,-17.00%,-9.78%,-23.66%,-11.54%,15037138446.0,"30 of 2,408",7 of 978,4529258568.0,Basic Materials,NST / JHX / MIN,-0.038,0.1232,2.017,14 Buy · 5 Hold · 0 Sell,Strong Buy,01/10/23,-87.368
161,NST,NORTHERN STAR RESOURCES LTD,Materials,11.62,0.04 (0.35%),$11.60 - $11.62,4386552.0,5248814.0,11.58,$11.47 - $11.67,$11.58,6:58pm 03/11 (AEDT),-3.17%,+10.77%,+6.51%,+34.34%,+20.46%,+32.58%,13353949368.0,"35 of 2,408",8 of 978,1149221116.0,Basic Materials,MIN / S32 / PLS,0.503,0.265,7.315,10 Buy · 8 Hold · 0 Sell,Buy,01/10/23,23.101
162,MIN,MINERAL RESOURCES LIMITED,Materials,61.07,1.42 (2.38%),$61.00 - $61.60,780159.0,961879.0,61.35,$61.07 - $61.94,$59.65,7:57pm 03/11 (AEDT),+3.33%,-9.57%,-20.89%,-13.02%,-26.89%,-14.77%,11920035158.0,"39 of 2,408",9 of 978,195186428.0,Basic Materials,PLS / NST / PMGOLD,3.805,1.9,17.689,13 Buy · 4 Hold · 3 Sell,Buy,01/10/23,16.05
163,PLS,PILBARA MINERALS LIMITED,Materials,3.75,0.11 (3.02%),$3.74 - $3.75,32842788.0,31521298.0,3.77,$3.71 - $3.85,$3.64,6:58pm 03/11 (AEDT),-2.85%,-10.93%,0.00,-25.45%,-39.32%,-27.20%,11285484975.0,"43 of 2,408",10 of 978,3009462660.0,Basic Materials,MIN / PMGOLD / OZL,0.789,0.25,1.126,11 Buy · 8 Hold · 2 Sell,Buy,01/10/23,4.753
164,NWS,NEWS CORPORATION..,Media & Entertainment,34.36,0.41 (1.21%),$33.00 - $36.08,69788.0,224082.0,34.47,$34.36 - $34.75,$33.95,6:58pm 03/11 (AEDT),+2.41%,+4.98%,+26.05%,+32.87%,+28.01%,+31.12%,977544268.0,"293 of 2,408",13 of 97,28450066.0,Communication Services,TUA / ABB / OML,0.26,0.2133,0.763,11 Buy · 2 Hold · 0 Sell,Strong Buy,01/10/23,132.154
165,NWSLV,NEWS CORPORATION..,Media & Entertainment,32.0,0.26 (-0.81%),‐ - ‐,175.0,13181.0,32.25,$32.00 - $32.25,$32.26,6:58pm 03/11 (AEDT),-0.62%,+3.23%,+23.08%,+24.13%,-,+22.37%,123648096.0,"869 of 2,408",-,3864003.0,nan,-,0.26,0.2133,0.763,nan,nan,nan,123.077
166,REA,REA GROUP LTD,Media & Entertainment,155.4,3.31 (2.18%),$154.00 - $156.65,189854.0,181347.0,155.0,$153.48 - $156.48,$152.09,6:58pm 03/11 (AEDT),+5.51%,+1.02%,+40.25%,+31.75%,+26.90%,+30.00%,20531015522.0,"22 of 2,408",2 of 97,132117217.0,Communication Services,CAR / TPG / SPK,2.695,1.58,4.479,3 Buy · 9 Hold · 7 Sell,Sell,01/10/23,57.662
167,CAR,CARSALES.COM LIMITED.,Media & Entertainment,28.65,0.09 (0.32%),$28.15 - $28.97,960407.0,1226651.0,29.02,$28.57 - $29.13,$28.56,6:58pm 03/11 (AEDT),+2.91%,+3.96%,+38.99%,+38.06%,+33.21%,+36.31%,10801547364.0,"45 of 2,408",3 of 97,377017360.0,Communication Services,TPG / SPK / SEK,1.811,0.61,-2.949,13 Buy · 7 Hold · 0 Sell,Buy,01/10/23,15.82
168,SEK,SEEK LIMITED,Media & Entertainment,21.8,0.16 (0.74%),$21.60 - $22.18,986774.0,840007.0,21.89,$21.65 - $22.04,$21.64,6:58pm 03/11 (AEDT),+4.86%,-1.62%,+4.06%,+0.65%,-4.21%,-1.11%,7765600142.0,"68 of 2,408",6 of 97,356220190.0,Communication Services,SPK / TPG / CAR,0.564,0.47,0.19,10 Buy · 5 Hold · 2 Sell,Buy,01/10/23,38.652
169,NEC,NINE ENTERTAINMENT CO. HOLDINGS LIMITED,Media & Entertainment,1.915,0.035 (1.86%),$1.905 - $1.925,1942500.0,2908145.0,1.91,$1.9025 - $1.93,$1.88,6:58pm 03/11 (AEDT),+5.22%,-6.59%,+4.08%,-9.24%,-14.10%,-11.00%,3114308188.0,"132 of 2,408",9 of 97,1626270594.0,Communication Services,CNU / VOC / UWL,0.11,0.11,-0.471,9 Buy · 5 Hold · 0 Sell,Buy,01/10/23,17.409
170,DHG,DOMAIN HOLDINGS AUSTRALIA LIMITED.,Media & Entertainment,3.6,0.00 (0.00),$3.58 - $3.62,1181415.0,723777.0,3.63,$3.60 - $3.71,$3.60,6:58pm 03/11 (AEDT),+1.69%,-7.93%,+32.84%,+8.11%,+3.25%,+6.35%,2273965751.0,"172 of 2,408",11 of 97,631657153.0,Communication Services,EVT / CNU / NEC,0.058,0.06,-0.449,1 Buy · 10 Hold · 6 Sell,Sell,01/10/23,62.069
171,EVT,EVT LIMITED,Media & Entertainment,10.85,0.13 (1.21%),$10.75 - $11.00,142629.0,118664.0,10.93,$10.77 - $11.04,$10.72,6:58pm 03/11 (AEDT),+3.93%,-0.73%,-14.77%,-25.89%,-30.74%,-27.64%,1760687623.0,"204 of 2,408",12 of 97,162275357.0,Communication Services,DHG / NWS / TUA,0.655,0.46,2.347,6 Buy · 4 Hold · 0 Sell,Buy,01/10/23,16.565
172,OML,OOH!MEDIA LIMITED,Media & Entertainment,1.345,0.03 (2.28%),$1.31 - $1.39,265533.0,602027.0,1.33,$1.325 - $1.355,$1.315,6:58pm 03/11 (AEDT),+3.46%,-4.95%,+4.67%,+3.07%,-1.79%,+1.31%,724660830.0,"354 of 2,408",16 of 97,538781286.0,Communication Services,OPC / MNF / ABB,0.054,0.0475,0.112,6 Buy · 4 Hold · 0 Sell,Buy,01/10/23,24.907
173,SWM,SEVEN WEST MEDIA LIMITED,Media & Entertainment,0.27,0.005 (1.89%),$0.265 - $0.27,1044006.0,1128745.0,0.27,$0.265 - $0.275,$0.265,6:58pm 03/11 (AEDT),+1.89%,-11.48%,-31.65%,-44.90%,-49.75%,-46.65%,419464235.0,"467 of 2,408",21 of 97,1553571241.0,Communication Services,HTA / SKT / HT1,0.092,0.0,-0.216,1 Buy · 9 Hold · 6 Sell,Sell,01/10/23,2.935
174,AFI,AUSTRALIAN FOUNDATION INVESTMENT COMPANY LIMITED,Not Applic,6.88,0.10 (1.48%),$6.87 - $6.93,445370.0,389981.0,6.79,$6.79 - $6.93,$6.78,6:58pm 03/11 (AEDT),+5.20%,+0.58%,-7.77%,-4.58%,-,-6.33%,8576260182.0,"59 of 2,408",13 of 573,1246549445.0,Financial Services,MPL / ARG / MGOC,0.0,0.25,0.0,nan,nan,nan,0.0
175,ARG,ARGO INVESTMENTS LIMITED,Not Applic,8.47,0.07 (0.83%),$8.42 - $8.50,272957.0,236408.0,8.45,$8.45 - $8.51,$8.40,6:58pm 03/11 (AEDT),+2.29%,-1.74%,-5.26%,-4.29%,-,-6.05%,6424997686.0,"80 of 2,408",14 of 573,758559349.0,Financial Services,MGOC / VGS / IVV,0.0,0.345,0.0,nan,nan,nan,0.0
176,MGF,MAGELLAN GLOBAL FUND.,Not Applic,1.78,0.01 (0.57%),$1.78 - $1.785,2013454.0,2651605.0,1.79,$1.78 - $1.795,$1.77,6:58pm 03/11 (AEDT),+2.01%,+8.21%,+25.80%,+32.84%,-,+31.08%,2520346863.0,"155 of 2,408",42 of 573,1415925204.0,Financial Services,ETHI / BFL / VGAD,0.0,0.0735,0.0,nan,nan,nan,0.0
177,MXT,METRICS MASTER INCOME TRUST,Not Applic,2.02,0.00 (0.00),$2.02 - $2.03,1130653.0,1119174.0,2.03,$2.02 - $2.03,$2.02,6:58pm 03/11 (AEDT),0.00,0.00,+3.32%,+6.32%,-,+4.56%,1783487246.0,"199 of 2,408",54 of 573,882914478.0,Financial Services,LSF / WLE / PNI,0.0,0.172,0.0,nan,nan,nan,0.0
178,WLE,WAM LEADERS LIMITED,Not Applic,1.38,0.00 (0.00),$1.38 - $1.385,968339.0,758688.0,1.39,$1.375 - $1.395,$1.38,6:58pm 03/11 (AEDT),0.00,-8.61%,-5.80%,-10.10%,-,-11.85%,1738802034.0,"207 of 2,408",56 of 573,1260001474.0,Financial Services,PNI / VAF / LSF,0.0,0.13,0.294,nan,nan,nan,0.0
179,LSF,L1 LONG SHORT FUND LIMITED,Not Applic,2.86,0.06 (2.14%),$2.82 - $2.86,533122.0,379764.0,2.81,$2.80 - $2.86,$2.80,6:58pm 03/11 (AEDT),+5.15%,+1.42%,+3.25%,+16.26%,-,+14.51%,1771649131.0,"201 of 2,408",55 of 573,619457738.0,Financial Services,MXT / WLE / PNI,0.0,0.105,0.0,nan,nan,nan,0.0
180,WAM,WAM CAPITAL LIMITED,Not Applic,1.54,0.03 (1.99%),$1.54 - $1.56,692079.0,983308.0,1.52,$1.52 - $1.56,$1.51,6:58pm 03/11 (AEDT),+3.70%,-10.20%,-4.94%,-9.41%,-,-11.17%,1704802211.0,"215 of 2,408",59 of 573,1107014423.0,Financial Services,VAF / PNI / WLE,0.0,0.155,0.0,nan,nan,nan,0.0
181,MFF,MFF CAPITAL INVESTMENTS LIMITED,Not Applic,2.82,0.02 (0.71%),$2.82 - $2.83,203553.0,260725.0,2.83,$2.82 - $2.84,$2.80,6:58pm 03/11 (AEDT),+0.36%,-4.73%,+23.68%,+21.03%,-,+19.28%,1625761257.0,"222 of 2,408",60 of 573,576511084.0,Financial Services,PSI / WAM / VAF,0.0,0.095,0.0,nan,nan,nan,0.0
182,BKI,BKI INVESTMENT COMPANY LIMITED,Not Applic,1.705,0.00 (0.00),$1.70 - $1.71,118615.0,240370.0,1.7,$1.70 - $1.71,$1.705,6:58pm 03/11 (AEDT),-0.29%,-1.73%,-5.01%,+0.29%,-,-1.46%,1368816518.0,"251 of 2,408",64 of 573,802824937.0,Financial Services,IFL / IXJ / MFG,0.0,0.082,0.0,nan,nan,nan,0.0
183,AUI,AUSTRALIAN UNITED INVESTMENT COMPANY LIMITED,Not Applic,9.49,0.01 (0.11%),$9.49 - $9.53,20678.0,19628.0,9.48,$9.48 - $9.53,$9.48,6:58pm 03/11 (AEDT),+0.53%,-1.35%,-0.52%,+2.15%,-,+0.40%,1200307679.0,"269 of 2,408",70 of 573,126481315.0,Financial Services,QPON / LFG / HLI,0.0,0.37,0.0,nan,nan,nan,0.0
184,CSL,CSL LIMITED,"Pharmaceuticals, Biotechnology & Life Sciences",244.0,5.90 (2.48%),$243.95 - $244.10,1098729.0,940363.0,239.99,$239.60 - $244.155,$238.10,6:58pm 03/11 (AEDT),+4.12%,-0.96%,-15.21%,-12.34%,-2.22%,-14.09%,117867820228.0,"3 of 2,408",1 of 219,483064837.0,Healthcare,COH / SHL / RMD,4.53,3.6292,-1.366,17 Buy · 3 Hold · 0 Sell,Strong Buy,01/10/23,53.863
185,TLX,TELIX PHARMACEUTICALS LIMITED,"Pharmaceuticals, Biotechnology & Life Sciences",9.24,0.14 (1.54%),$9.20 - $9.27,857962.0,1053843.0,9.24,$9.18 - $9.445,$9.10,6:58pm 03/11 (AEDT),+6.82%,-18.95%,+27.10%,+36.08%,+46.20%,+34.33%,2987888488.0,"137 of 2,408",9 of 219,323364555.0,Healthcare,ANN / SNZ / NEU,-0.149,0.0,0.028,10 Buy · 1 Hold · 1 Sell,Strong Buy,01/10/23,-62.013
186,NEU,NEUREN PHARMACEUTICALS LIMITED,"Pharmaceuticals, Biotechnology & Life Sciences",12.25,0.96 (8.50%),$12.08 - $12.39,1682266.0,443894.0,12.41,$12.075 - $13.92,$11.29,6:58pm 03/11 (AEDT),+20.33%,+9.57%,+54.09%,+63.33%,+73.45%,+61.58%,1550429531.0,"236 of 2,408",12 of 219,126565676.0,Healthcare,NAN / HLS / SNZ,0.436,0.0,0.322,7 Buy · 1 Hold · 1 Sell,Buy,01/10/23,28.096
187,CUV,CLINUVEL PHARMACEUTICALS LIMITED,"Pharmaceuticals, Biotechnology & Life Sciences",15.46,0.53 (3.55%),$15.46 - $15.59,49371.0,74633.0,15.05,$15.05 - $15.63,$14.93,6:58pm 03/11 (AEDT),+0.85%,+4.88%,-28.66%,-20.72%,-10.60%,-22.47%,763883825.0,"342 of 2,408",18 of 219,49410338.0,Healthcare,REG / API / EHE,0.591,0.05,3.328,6 Buy · 1 Hold · 0 Sell,Strong Buy,01/10/23,26.159
188,AVH,AVITA MEDICAL INC.,"Pharmaceuticals, Biotechnology & Life Sciences",3.25,0.08 (2.52%),$3.24 - $3.28,142616.0,274450.0,3.3,$3.25 - $3.35,$3.17,6:58pm 03/11 (AEDT),+6.21%,-27.29%,+65.82%,+115.95%,+126.06%,+114.19%,193832454.0,"710 of 2,408",48 of 219,59640755.0,Healthcare,BOT / ONT / CAJ,-0.244,0.0,0.662,13 Buy · 1 Hold · 0 Sell,Strong Buy,01/10/23,-13.32
189,IMM,IMMUTEP LIMITED,"Pharmaceuticals, Biotechnology & Life Sciences",0.3,0.00 (0.00),$0.30 - $0.31,843810.0,1898613.0,0.305,$0.30 - $0.3175,$0.30,6:58pm 03/11 (AEDT),-3.23%,+5.26%,+10.81%,-4.77%,+5.34%,-6.53%,356650368.0,"512 of 2,408",27 of 219,1188834559.0,Healthcare,IMU / AFP / JHC,-0.045,0.0,0.107,8 Buy · 1 Hold · 0 Sell,Strong Buy,01/10/23,-6.667
190,AFP,AFT PHARMACEUTICALS LIMITED,"Pharmaceuticals, Biotechnology & Life Sciences",3.2,0.00 (0.00),$3.09 - $3.20,2500.0,569.0,3.2,$3.20 - $3.20,$3.20,6:58pm 03/11 (AEDT),0.00,-5.33%,-5.88%,-1.23%,+8.88%,-2.99%,335572032.0,"530 of 2,408",29 of 219,104866260.0,Healthcare,IMU / MYX / IMM,0.1,0.0069,0.264,5 Buy · 2 Hold · 0 Sell,Strong Buy,01/10/23,32.0
191,MSB,MESOBLAST LIMITED,"Pharmaceuticals, Biotechnology & Life Sciences",0.37,0.005 (1.37%),$0.37 - $0.375,1608612.0,1159621.0,0.37,$0.36 - $0.375,$0.365,6:58pm 03/11 (AEDT),0.00,-3.90%,-57.47%,-60.43%,-50.31%,-62.18%,301255785.0,"566 of 2,408",32 of 219,814204825.0,Healthcare,CAU / AVR / CU6,-0.111,0.0,-0.093,7 Buy · 2 Hold · 1 Sell,Buy,01/10/23,-3.333
192,MYX,MAYNE PHARMA GROUP LIMITED,"Pharmaceuticals, Biotechnology & Life Sciences",3.72,0.03 (0.81%),$3.64 - $3.82,133137.0,364295.0,3.59,$3.59 - $3.82,$3.69,6:58pm 03/11 (AEDT),-2.87%,+13.76%,-7.00%,-34.74%,-24.62%,-36.49%,316476351.0,"547 of 2,408",30 of 219,85074288.0,Healthcare,AVR / MSB / CAU,-3.86,0.0,0.201,0 Buy · 3 Hold · 5 Sell,Strong Sell,01/10/23,-0.964
193,IMU,IMUGENE LIMITED,"Pharmaceuticals, Biotechnology & Life Sciences",0.048,0.005 (11.63%),$0.047 - $0.048,31216017.0,23908889.0,0.043,$0.043 - $0.049,$0.043,6:58pm 03/11 (AEDT),+14.29%,-4.00%,-66.90%,-74.74%,-64.62%,-76.49%,343918793.0,"525 of 2,408",28 of 219,7164974859.0,Healthcare,AFP / IMM / MYX,-0.006,0.0,0.0,5 Buy · 1 Hold · 0 Sell,Strong Buy,01/10/23,-8.0
194,LLC,LENDLEASE GROUP,Real Estate Management & Development,6.38,0.07 (1.11%),$6.34 - $6.50,2122244.0,2393321.0,6.31,$6.30 - $6.52,$6.31,6:58pm 03/11 (AEDT),+1.27%,-10.27%,-18.62%,-18.62%,-17.12%,-20.38%,4399853736.0,"105 of 2,408",9 of 99,689632247.0,Real Estate,CHC / SCP / NSR,-0.34,0.16,7.801,6 Buy · 5 Hold · 2 Sell,Hold,01/10/23,-18.765
195,PXA,PEXA GROUP LIMITED,Real Estate Management & Development,11.54,0.01 (-0.09%),$11.37 - $11.60,206392.0,381856.0,11.74,$11.36 - $11.74,$11.55,6:58pm 03/11 (AEDT),+6.56%,+0.61%,-3.43%,-23.17%,-21.67%,-24.92%,2046625612.0,"180 of 2,408",16 of 99,177350573.0,Real Estate,AVN / BWP / CIP,-0.123,0.0,-1.742,10 Buy · 1 Hold · 1 Sell,Strong Buy,01/10/23,-93.821
196,LIC,LIFESTYLE COMMUNITIES LIMITED,Real Estate Management & Development,16.8,0.26 (1.57%),$16.00 - $16.86,132386.0,227304.0,16.79,$16.67 - $16.92,$16.54,6:58pm 03/11 (AEDT),+8.60%,+4.87%,-11.90%,-0.88%,+0.62%,-2.64%,1756358201.0,"205 of 2,408",20 of 99,104545131.0,Real Estate,INA / CQR / CIP,0.78,0.115,5.02,7 Buy · 4 Hold · 0 Sell,Buy,01/10/23,21.538
197,UOS,UNITED OVERSEAS AUSTRALIA LIMITED,Real Estate Management & Development,0.52,0.00 (0.00),$0.51 - $0.53,0.0,10468.0,,‐ - ‐,$0.52,6:58pm 03/11 (AEDT),+1.96%,-8.77%,-5.88%,-4.59%,-3.09%,-6.34%,271378205.0,"599 of 2,408",54 of 99,521881164.0,Real Estate,SRV / APZ / APD,0.051,0.04,1.078,nan,nan,nan,10.196
198,WTN,WINTON LAND LIMITED,Real Estate Management & Development,2.43,0.00 (0.00),‐ - $2.42,0.0,187.0,,‐ - ‐,$2.43,6:58pm 03/11 (AEDT),+0.83%,+0.83%,-10.66%,-6.54%,-5.04%,-8.29%,720771378.0,"355 of 2,408",37 of 99,296613736.0,Real Estate,COF / RFF / QAL,0.21,0.0387,1.712,4 Buy · 1 Hold · 0 Sell,Strong Buy,01/10/23,11.571
199,QAL,QUALITAS LIMITED,Real Estate Management & Development,2.34,0.04 (1.74%),$2.28 - $2.35,23634.0,96120.0,2.315,$2.27 - $2.35,$2.30,6:58pm 03/11 (AEDT),+0.43%,+4.46%,-16.43%,-6.02%,-,-7.78%,692677564.0,"368 of 2,408",40 of 99,296016053.0,Real Estate,RFF / COF / WTN,0.076,0.075,1.209,6 Buy · 1 Hold · 0 Sell,Strong Buy,01/10/23,30.789
200,PPC,PEET LIMITED,Real Estate Management & Development,1.18,0.00 (0.00),$1.18 - $1.20,0.0,89161.0,,‐ - ‐,$1.18,6:58pm 03/11 (AEDT),-0.84%,-3.28%,+4.42%,+5.83%,+7.33%,+4.08%,555401471.0,"404 of 2,408",43 of 99,470679213.0,Real Estate,PWG / HPI / AQR,0.139,0.075,0.099,nan,nan,nan,8.489
201,CWP,CEDAR WOODS PROPERTIES LIMITED,Real Estate Management & Development,4.6,0.05 (1.10%),$4.52 - $4.60,31555.0,42038.0,4.57,$4.55 - $4.66,$4.55,6:58pm 03/11 (AEDT),+7.23%,+0.66%,+6.24%,+15.00%,+16.50%,+13.25%,379124723.0,"499 of 2,408",46 of 99,82418418.0,Real Estate,REP / DXC / CDP,0.38,0.2,0.733,4 Buy · 4 Hold · 0 Sell,Buy,01/10/23,12.105
202,SRV,SERVCORP LIMITED,Real Estate Management & Development,2.9,0.03 (-1.02%),$2.90 - $3.01,38533.0,12691.0,2.92,$2.89 - $2.93,$2.93,6:58pm 03/11 (AEDT),0.00,-4.61%,-10.22%,-14.71%,-13.21%,-16.46%,281069125.0,"591 of 2,408",53 of 99,96920388.0,Real Estate,UOS / APZ / APD,0.306,0.22,0.947,7 Buy · 1 Hold · 0 Sell,Strong Buy,01/10/23,9.477
203,FRI,FINBAR GROUP LIMITED,Real Estate Management & Development,0.65,0.005 (0.78%),$0.645 - $0.69,171941.0,20661.0,0.65,$0.64 - $0.66,$0.645,6:58pm 03/11 (AEDT),0.00,-0.76%,+3.17%,-2.99%,-1.49%,-4.74%,176880042.0,"732 of 2,408",62 of 99,272123142.0,Real Estate,NPR / AOF / WOT,0.012,0.0,0.882,nan,nan,nan,54.167
204,WBT,WEEBIT NANO LTD,Semiconductors & Semiconductor Equipment,3.9,0.42 (12.07%),$3.90 - $3.98,1270163.0,1236910.0,3.65,$3.65 - $4.02,$3.48,7:53pm 03/11 (AEDT),+2.09%,+16.07%,+20.00%,+32.20%,+15.59%,+30.45%,732632800.0,"351 of 2,408",21 of 239,187854564.0,Technology,FCL / NTO / IFM,-0.222,0.0,0.451,nan,nan,nan,-17.568
205,4DS,4DS MEMORY LIMITED,Semiconductors & Semiconductor Equipment,0.125,0.01 (8.70%),$0.125 - $0.13,6817292.0,5315701.0,0.115,$0.115 - $0.135,$0.115,6:58pm 03/11 (AEDT),+13.64%,-7.41%,+247.22%,+400.00%,+383.39%,+398.25%,218392907.0,"673 of 2,408",46 of 239,1747143252.0,Technology,QOR / EPD / DUG,-0.004,0.0,0.003,nan,nan,nan,-31.25
206,AXE,ARCHER MATERIALS LIMITED,Semiconductors & Semiconductor Equipment,0.41,0.01 (2.50%),$0.40 - $0.41,81947.0,163552.0,0.4,$0.40 - $0.41,$0.40,6:58pm 03/11 (AEDT),+2.50%,-18.81%,-33.33%,-39.26%,-53.13%,-41.01%,104487275.0,"908 of 2,408",67 of 239,254847013.0,Technology,CRO / PX1 / LME,-0.036,0.0,0.101,nan,nan,nan,-11.389
207,BLG,BLUGLASS LIMITED,Semiconductors & Semiconductor Equipment,0.061,0.003 (-4.69%),$0.06 - $0.061,3486425.0,2227246.0,0.064,$0.059 - $0.065,$0.064,6:58pm 03/11 (AEDT),+8.93%,+52.50%,+134.73%,+110.45%,+93.84%,+108.70%,93210785.0,"939 of 2,408",73 of 239,1528045654.0,Technology,VLT / PTG / WCG,-0.009,0.0,0.009,nan,nan,nan,-6.778
208,RVS,REVASUM INC.,Semiconductors & Semiconductor Equipment,0.17,0.005 (3.03%),$0.155 - $0.17,12400.0,21843.0,0.15,$0.15 - $0.17,$0.165,6:58pm 03/11 (AEDT),-2.86%,+47.83%,+30.77%,+30.77%,+14.15%,+29.02%,18005831.0,"1,585 of 2,408",141 of 239,105916654.0,Technology,CF1 / FLX / VIG,-0.068,0.0,0.057,nan,nan,nan,-2.5
209,PVS,PIVOTAL SYSTEMS CORPORATION,Semiconductors & Semiconductor Equipment,0.003,0.001 (-25.00%),$0.003 - $0.004,6371418.0,291437.0,0.004,$0.003 - $0.004,$0.004,6:58pm 03/11 (AEDT),-25.00%,0.00,-94.23%,-96.20%,-112.82%,-97.96%,2305138.0,"2,325 of 2,408",228 of 239,768379278.0,Technology,DC2 / SIS / AO1,-0.031,0.0,0.014,nan,nan,nan,-0.097
210,WTC,WISETECH GLOBAL LIMITED,Software & Services,60.05,0.07 (0.12%),$59.88 - $61.00,453986.0,553763.0,60.61,$59.79 - $60.96,$59.98,6:58pm 03/11 (AEDT),+2.13%,-7.01%,+18.33%,+4.80%,-11.82%,+3.05%,20015583165.0,"23 of 2,408",1 of 239,333315290.0,Technology,APT / XRO / NXT,0.693,0.15,-0.893,10 Buy · 8 Hold · 1 Sell,Buy,01/10/23,86.652
211,XRO,XERO LIMITED,Software & Services,112.29,1.54 (1.39%),$111.95 - $112.60,326421.0,381557.0,113.5,$110.37 - $113.67,$110.75,6:58pm 03/11 (AEDT),+5.63%,-0.58%,+59.80%,+51.56%,+34.94%,+49.81%,17008348345.0,"27 of 2,408",3 of 239,151468059.0,Technology,APT / WTC / NXT,-0.711,0.0,0.556,15 Buy · 4 Hold · 2 Sell,Buy,01/10/23,-157.932
212,NXT,NEXTDC LIMITED,Software & Services,12.45,0.21 (1.72%),$12.40 - $12.57,1000437.0,1105434.0,12.43,$12.34 - $12.55,$12.24,6:58pm 03/11 (AEDT),+4.97%,+0.57%,+38.08%,+48.53%,+31.92%,+46.78%,6408112085.0,"81 of 2,408",4 of 239,514707798.0,Technology,ALU / TNE / DDR,-0.009,0.0,4.315,18 Buy · 1 Hold · 1 Sell,Strong Buy,01/10/23,-1383.333
213,ALU,ALTIUM LIMITED,Software & Services,40.81,0.12 (-0.29%),$40.70 - $41.48,587422.0,305331.0,41.5,$40.67 - $41.55,$40.93,6:58pm 03/11 (AEDT),+1.19%,-4.81%,+16.33%,+14.51%,-2.11%,+12.75%,5383934259.0,"91 of 2,408",5 of 239,131926838.0,Technology,TNE / NXT / DDR,0.499,0.54,0.091,9 Buy · 8 Hold · 3 Sell,Hold,01/10/23,81.784
214,TNE,TECHNOLOGY ONE LIMITED,Software & Services,15.23,0.07 (0.46%),$15.15 - $15.50,557360.0,582802.0,15.34,$15.11 - $15.41,$15.16,6:58pm 03/11 (AEDT),+2.01%,-1.36%,+15.91%,+24.33%,+7.71%,+22.57%,4944796107.0,"98 of 2,408",6 of 239,324674728.0,Technology,ALU / NXT / DDR,0.298,0.1744,0.162,8 Buy · 7 Hold · 2 Sell,Buy,01/10/23,51.107
215,MP1,MEGAPORT LIMITED,Software & Services,10.15,0.22 (2.22%),$10.09 - $10.20,646712.0,1078817.0,10.1,$10.04 - $10.35,$9.93,6:58pm 03/11 (AEDT),+5.40%,-14.27%,+60.86%,+71.45%,+54.84%,+69.70%,1614491622.0,"224 of 2,408",8 of 239,159063214.0,Technology,360 / MAQ / CDA,-0.268,0.0,0.461,11 Buy · 5 Hold · 1 Sell,Buy,01/10/23,-37.873
216,360,LIFE360 INC.,Software & Services,7.81,0.00 (0.00),$7.73 - $7.86,436263.0,517440.0,7.92,$7.69 - $8.07,$7.81,6:58pm 03/11 (AEDT),+4.55%,-6.58%,+60.70%,+15.36%,-1.25%,+13.61%,1582839236.0,"229 of 2,408",9 of 239,202668276.0,Technology,MP1 / MAQ / CDA,-0.277,0.0,0.29,9 Buy · 1 Hold · 0 Sell,Strong Buy,01/10/23,-28.195
217,MAQ,MACQUARIE TECHNOLOGY GROUP LIMITED,Software & Services,63.66,0.46 (0.73%),$63.19 - $65.36,15035.0,10701.0,63.45,$63.35 - $65.08,$63.20,6:58pm 03/11 (AEDT),+2.76%,+1.48%,+6.99%,+9.01%,-,+7.25%,1549756101.0,"237 of 2,408",10 of 239,24344268.0,Technology,360 / MP1 / CDA,0.816,0.0,12.358,7 Buy · 1 Hold · 2 Sell,Buy,01/10/23,78.015
218,SDR,SITEMINDER LIMITED,Software & Services,4.32,0.07 (1.65%),$4.30 - $4.34,341078.0,674017.0,4.47,$4.30 - $4.50,$4.25,6:58pm 03/11 (AEDT),+9.92%,-6.49%,+42.11%,+44.48%,-,+42.73%,1188285578.0,"271 of 2,408",12 of 239,275066106.0,Technology,ISX / SP1 / DTL,-0.19,0.0,0.102,14 Buy · 4 Hold · 1 Sell,Buy,01/10/23,-22.737
219,DTL,DATA#3 LIMITED,Software & Services,7.23,0.08 (1.12%),$7.10 - $7.24,640561.0,313561.0,7.2,$7.11 - $7.29,$7.15,6:58pm 03/11 (AEDT),+0.98%,+4.93%,+6.79%,+4.78%,-11.83%,+3.03%,1118510383.0,"280 of 2,408",15 of 239,154704064.0,Technology,AD8 / ISX / SP1,0.239,0.219,0.343,7 Buy · 3 Hold · 2 Sell,Buy,01/10/23,30.251
220,DDR,DICKER DATA LIMITED,Technology Hardware & Equipment,11.06,0.14 (1.28%),$11.05 - $11.08,349809.0,161092.0,11.0,$10.95 - $11.14,$10.92,6:58pm 03/11 (AEDT),+10.60%,+15.57%,+8.54%,+10.49%,-6.13%,+8.74%,1993491263.0,"186 of 2,408",7 of 239,180243333.0,Technology,MP1 / 360 / MAQ,0.428,0.355,1.277,7 Buy · 3 Hold · 0 Sell,Strong Buy,01/10/23,25.841
221,CDA,CODAN LIMITED,Technology Hardware & Equipment,8.0,0.01 (-0.13%),$7.85 - $8.14,219800.0,309693.0,8.09,$7.96 - $8.15,$8.01,6:58pm 03/11 (AEDT),-0.37%,+2.96%,+95.12%,+99.50%,+82.89%,+97.75%,1450528904.0,"246 of 2,408",11 of 239,181316113.0,Technology,MAQ / 360 / MP1,0.374,0.185,0.73,8 Buy · 2 Hold · 0 Sell,Strong Buy,01/10/23,21.39
222,AD8,AUDINATE GROUP LIMITED,Technology Hardware & Equipment,13.22,0.42 (-3.08%),$13.22 - $13.49,78352.0,159319.0,13.51,$13.20 - $13.63,$13.64,6:58pm 03/11 (AEDT),-1.20%,-0.15%,+76.74%,+61.22%,+44.61%,+59.47%,1098698812.0,"283 of 2,408",16 of 239,83108836.0,Technology,DTL / HSN / NEA,-0.035,0.0,0.671,8 Buy · 2 Hold · 1 Sell,Buy,01/10/23,-377.714
223,NVX,NOVONIX LIMITED,Technology Hardware & Equipment,0.735,0.015 (2.08%),$0.735 - $0.74,3215285.0,3499647.0,0.75,$0.735 - $0.76,$0.72,6:58pm 03/11 (AEDT),0.00,-9.82%,-50.00%,-71.06%,-87.68%,-72.82%,359128493.0,"511 of 2,408",33 of 239,488610194.0,Technology,OTW / RUL / BVS,-0.15,0.0,0.439,0 Buy · 3 Hold · 4 Sell,Strong Sell,01/10/23,-4.9
224,SPZ,SMART PARKING LIMITED,Technology Hardware & Equipment,0.355,0.015 (4.41%),$0.34 - $0.355,54793.0,65668.0,0.35,$0.34 - $0.355,$0.34,6:58pm 03/11 (AEDT),-1.39%,+7.58%,+39.22%,+37.86%,+21.25%,+36.11%,124375315.0,"847 of 2,408",62 of 239,350353001.0,Technology,EOL / PYG / MSL,0.002,0.0,0.022,5 Buy · 1 Hold · 0 Sell,Strong Buy,01/10/23,177.5
225,ERD,EROAD LIMITED,Technology Hardware & Equipment,0.6,0.02 (3.45%),$0.585 - $0.61,70750.0,152866.0,0.6,$0.59 - $0.62,$0.58,6:58pm 03/11 (AEDT),+1.69%,-4.76%,-13.81%,-36.13%,-,-37.88%,110778704.0,"885 of 2,408",65 of 239,184631174.0,Technology,LME / AXE / CRO,-0.023,0.0,0.05,4 Buy · 2 Hold · 0 Sell,Buy,01/10/23,-26.087
226,RWL,RUBICON WATER LIMITED,Technology Hardware & Equipment,0.58,0.00 (0.00),$0.575 - $0.595,0.0,3478.0,,‐ - ‐,$0.58,6:58pm 03/11 (AEDT),+0.87%,-2.52%,-33.71%,-38.62%,-,-40.38%,99693360.0,"922 of 2,408",70 of 239,171885104.0,Technology,PX1 / ACE / CRO,-0.064,0.0,0.362,nan,nan,nan,-9.062
227,DTZ,DOTZ NANO LIMITED,Technology Hardware & Equipment,0.17,0.00 (0.00),$0.16 - $0.175,293687.0,334390.0,0.17,$0.17 - $0.17,$0.17,6:58pm 03/11 (AEDT),+3.03%,-5.56%,-43.33%,-41.38%,-57.99%,-43.13%,86793763.0,"968 of 2,408",79 of 239,510551547.0,Technology,EIQ / IHR / DTS,-0.014,0.0,0.0,nan,nan,nan,-12.143
228,IKE,IKEGPS GROUP LIMITED,Technology Hardware & Equipment,0.5,0.00 (0.00),$0.50 - $0.55,3572.0,17599.0,0.5,$0.50 - $0.50,$0.50,6:58pm 03/11 (AEDT),-8.26%,-13.04%,-39.76%,-37.50%,-54.12%,-39.25%,80012169.0,"995 of 2,408",82 of 239,160024338.0,Technology,FCT / NNT / IHR,-0.05,0.0,0.13,4 Buy · 1 Hold · 0 Sell,Strong Buy,01/10/23,-10.0
229,SMN,STRUCTURAL MONITORING SYSTEMS PLC,Technology Hardware & Equipment,0.55,0.02 (3.77%),$0.53 - $0.56,10112.0,67243.0,0.53,$0.53 - $0.55,$0.53,6:58pm 03/11 (AEDT),+1.85%,-28.10%,+59.42%,+25.00%,+8.39%,+23.25%,73798794.0,"1,026 of 2,408",86 of 239,134179626.0,Technology,CCR / DUB / EVS,-0.034,0.0,0.063,nan,nan,nan,-16.176
230,TLS,TELSTRA GROUP LIMITED,Telecommunication Services,3.87,0.02 (0.52%),$3.86 - $3.87,18047148.0,20520799.0,3.88,$3.855 - $3.89,$3.85,6:58pm 03/11 (AEDT),+1.57%,+0.78%,-3.01%,-1.78%,-,-3.53%,44715633856.0,"12 of 2,408",1 of 97,11554427353.0,Communication Services,REA / CAR / TPG,0.167,0.17,0.382,14 Buy · 2 Hold · 1 Sell,Strong Buy,01/10/23,23.174
231,TPG,TPG TELECOM LIMITED.,Telecommunication Services,5.29,0.04 (0.76%),$5.26 - $5.33,11033733.0,1355889.0,5.33,$5.28 - $5.35,$5.25,6:58pm 03/11 (AEDT),+3.12%,-3.29%,+8.18%,+10.90%,-,+9.15%,9835917429.0,"51 of 2,408",4 of 97,1859341669.0,Communication Services,CAR / SPK / SEK,0.212,0.18,-0.41,6 Buy · 7 Hold · 1 Sell,Buy,01/10/23,24.953
232,SPK,SPARK NEW ZEALAND LIMITED,Telecommunication Services,4.62,0.01 (-0.22%),$4.59 - $4.63,610921.0,835374.0,4.65,$4.59 - $4.66,$4.63,6:58pm 03/11 (AEDT),+2.44%,+3.82%,-7.97%,-0.43%,-,-2.19%,8455050094.0,"61 of 2,408",5 of 97,1830097423.0,Communication Services,SEK / TPG / CAR,0.606,0.2493,0.615,5 Buy · 6 Hold · 1 Sell,Buy,01/10/23,7.624
233,CNU,CHORUS LIMITED,Telecommunication Services,6.84,0.04 (0.59%),$6.46 - $6.95,379717.0,332170.0,6.85,$6.81 - $6.93,$6.80,6:58pm 03/11 (AEDT),+2.40%,-2.15%,-10.24%,-4.47%,-,-6.22%,2967789091.0,"138 of 2,408",10 of 97,433887294.0,Communication Services,NEC / VOC / UWL,0.045,0.334,1.941,0 Buy · 4 Hold · 7 Sell,Strong Sell,01/10/23,152.0
234,TUA,TUAS LIMITED,Telecommunication Services,1.98,0.07 (-3.42%),$1.98 - $2.07,90363.0,175038.0,2.04,$1.98 - $2.05,$2.05,6:58pm 03/11 (AEDT),-3.41%,-9.59%,+48.87%,+46.67%,-,+44.91%,920620644.0,"311 of 2,408",14 of 97,464959921.0,Communication Services,ABB / NWS / OML,-0.045,0.0,0.67,4 Buy · 1 Hold · 0 Sell,Strong Buy,01/10/23,-44.0
235,ABB,AUSSIE BROADBAND LIMITED,Telecommunication Services,3.58,0.34 (-8.67%),$3.58 - $3.60,1858790.0,687914.0,3.58,$3.51 - $3.69,$3.92,6:58pm 03/11 (AEDT),-9.14%,-12.25%,+37.16%,+42.06%,-,+40.31%,856369509.0,"322 of 2,408",15 of 97,239209360.0,Communication Services,TUA / OML / OPC,0.091,0.0,-0.444,4 Buy · 5 Hold · 0 Sell,Buy,01/10/23,39.341
236,HTA,HUTCHISON TELECOMMUNICATIONS (AUSTRALIA) LIMITED,Telecommunication Services,0.03,0.001 (-3.23%),$0.031 - $0.037,700.0,8811.0,0.03,$0.03 - $0.03,$0.031,6:58pm 03/11 (AEDT),-14.29%,-21.05%,-50.00%,-57.75%,-,-59.50%,407175257.0,"475 of 2,408",22 of 97,13572508577.0,Communication Services,SWM / SKT / HT1,-0.034,0.0,0.025,nan,nan,nan,-0.882
237,SLC,SUPERLOOP LIMITED,Telecommunication Services,0.64,0.005 (0.79%),$0.64 - $0.65,167114.0,309479.0,0.64,$0.6175 - $0.645,$0.635,6:58pm 03/11 (AEDT),+7.56%,-4.48%,-11.72%,-14.09%,-,-15.85%,314351706.0,"550 of 2,408",25 of 97,491174540.0,Communication Services,HT1 / IGL / SKT,-0.129,0.0,0.084,8 Buy · 1 Hold · 0 Sell,Strong Buy,01/10/23,-4.961
238,SWP,SWOOP HOLDINGS LIMITED,Telecommunication Services,0.2,0.01 (5.26%),$0.19 - $0.20,14073.0,34196.0,0.19,$0.19 - $0.20,$0.19,6:58pm 03/11 (AEDT),-4.76%,-9.09%,-40.30%,-44.44%,-,-46.20%,41641787.0,"1,248 of 2,408",48 of 97,208208937.0,Communication Services,UNL / ICI / ICU,-0.031,0.0,0.032,nan,nan,nan,-6.452
239,FSG,FIELD SOLUTIONS HOLDINGS LIMITED,Telecommunication Services,0.043,0.006 (-12.25%),$0.04 - $0.05,5658644.0,132578.0,0.045,$0.043 - $0.045,$0.049,6:58pm 03/11 (AEDT),-12.24%,-12.24%,-57.00%,-59.05%,-,-60.80%,32840889.0,"1,338 of 2,408",54 of 97,763741605.0,Communication Services,IOU / PPL / RMY,-0.003,0.0,0.033,nan,nan,nan,-14.333
240,TCL,TRANSURBAN GROUP,Transportation,12.36,0.30 (2.49%),$12.32 - $12.41,4393717.0,5209518.0,12.23,$12.20 - $12.40,$12.06,6:58pm 03/11 (AEDT),+4.66%,-2.45%,-4.78%,-7.76%,-9.02%,-9.52%,38170857138.0,"15 of 2,408",1 of 197,3088257050.0,Industrials,SYD / BXB / CPU,0.021,0.58,1.075,9 Buy · 7 Hold · 2 Sell,Buy,01/10/23,588.571
241,AIA,AUCKLAND INTERNATIONAL AIRPORT LIMITED,Transportation,7.11,0.10 (1.43%),$7.03 - $7.18,577985.0,478754.0,7.11,$7.08 - $7.15,$7.01,6:58pm 03/11 (AEDT),+3.34%,-2.07%,-3.79%,+3.19%,+1.93%,+1.44%,10469838584.0,"48 of 2,408",7 of 197,1472551137.0,Industrials,SVW / REH / QAN,0.029,0.0372,5.688,2 Buy · 7 Hold · 7 Sell,Sell,01/10/23,245.172
242,QAN,QANTAS AIRWAYS LIMITED,Transportation,5.18,0.10 (1.97%),$5.18 - $5.19,8557318.0,10408004.0,5.16,$5.16 - $5.21,$5.08,8:21pm 03/11 (AEDT),+8.14%,+1.57%,-13.81%,-12.94%,-14.20%,-14.70%,8932675242.0,"54 of 2,408",8 of 197,1724454680.0,Industrials,WOR / ALX / IFT,0.93,0.0,-0.395,15 Buy · 3 Hold · 1 Sell,Strong Buy,01/10/23,5.57
243,ALX,ATLAS ARTERIA,Transportation,5.64,0.24 (4.44%),$5.49 - $5.80,2465904.0,2171953.0,5.48,$5.45 - $5.67,$5.40,6:58pm 03/11 (AEDT),+4.25%,+1.62%,-14.67%,-13.89%,-15.15%,-15.65%,8182702107.0,"62 of 2,408",10 of 197,1450833707.0,Industrials,IFT / WOR / QAN,0.227,0.4,2.97,5 Buy · 6 Hold · 1 Sell,Buy,01/10/23,24.846
244,AZJ,AURIZON HOLDINGS LIMITED,Transportation,3.54,0.09 (2.61%),$3.52 - $3.56,3728592.0,5294734.0,3.5,$3.47 - $3.54,$3.45,6:58pm 03/11 (AEDT),+3.81%,+1.43%,-5.09%,-3.01%,-4.28%,-4.77%,6516092096.0,"76 of 2,408",13 of 197,1840703982.0,Industrials,CIM / CWY / ALQ,0.176,0.15,2.245,8 Buy · 8 Hold · 2 Sell,Buy,01/10/23,20.114
245,QUB,QUBE HOLDINGS LIMITED,Transportation,2.9,0.12 (4.32%),$2.89 - $2.94,5153651.0,2900798.0,2.83,$2.81 - $2.92,$2.78,6:58pm 03/11 (AEDT),+7.81%,+2.11%,+3.20%,+7.41%,+6.15%,+5.65%,5123464835.0,"95 of 2,408",16 of 197,1766712012.0,Industrials,ALQ / CWY / AZJ,0.093,0.081,1.207,8 Buy · 9 Hold · 0 Sell,Buy,01/10/23,31.183
246,AIZ,AIR NEW ZEALAND LIMITED,Transportation,0.62,0.005 (0.81%),$0.62 - $0.63,1145554.0,533840.0,0.62,$0.615 - $0.63,$0.615,6:58pm 03/11 (AEDT),+3.33%,-8.82%,-10.14%,-16.22%,-17.48%,-17.97%,2088447875.0,"176 of 2,408",22 of 197,3368464315.0,Industrials,BIN / APM / VNT,-0.197,0.055,0.457,1 Buy · 6 Hold · 5 Sell,Sell,01/10/23,-3.147
247,KLS,KELSIAN GROUP LIMITED,Transportation,6.27,0.09 (1.46%),$6.25 - $6.32,269219.0,411016.0,6.25,$6.18 - $6.32,$6.18,6:58pm 03/11 (AEDT),+1.95%,+10.78%,+10.51%,+31.56%,+30.30%,+29.81%,1688878052.0,"217 of 2,408",26 of 197,269358541.0,Industrials,IPH / JLG / SLK,0.09,0.17,-0.244,10 Buy · 6 Hold · 0 Sell,Buy,01/10/23,69.667
248,DBI,DALRYMPLE BAY INFRASTRUCTURE LIMITED,Transportation,2.72,0.00 (0.00),$2.72 - $2.73,108896.0,241681.0,2.72,$2.72 - $2.74,$2.72,6:58pm 03/11 (AEDT),+0.74%,-2.51%,+11.93%,+11.02%,+9.76%,+9.27%,1348471734.0,"254 of 2,408",30 of 197,495761667.0,Industrials,MAD / MND / RDX,0.197,0.201,-3.973,5 Buy · 2 Hold · 0 Sell,Strong Buy,01/10/23,13.807
249,FRW,FREIGHTWAYS GROUP LIMITED,Transportation,7.07,0.00 (0.00),$6.60 - ‐,0.0,145.0,,‐ - ‐,$7.07,6:58pm 03/11 (AEDT),+0.28%,-10.39%,-10.39%,-10.39%,-11.65%,-12.15%,1262863330.0,"259 of 2,408",-,178622819.0,nan,-,0.0,0.0,0.0,5 Buy · 4 Hold · 0 Sell,Buy,01/10/23,0.0
250,ORG,ORIGIN ENERGY LIMITED,Utilities,8.38,0.09 (-1.06%),$8.37 - $8.41,81154643.0,10227333.0,8.35,$8.30 - $8.43,$8.47,7:52pm 03/11 (AEDT),-8.81%,-5.52%,+8.55%,+48.32%,+31.45%,+46.57%,14436625483.0,"31 of 2,408",1 of 28,1722747671.0,Utilities,APA / AST / MCY,0.609,0.365,0.65,5 Buy · 4 Hold · 0 Sell,Buy,01/10/23,13.76
251,MEZ,MERIDIAN ENERGY LIMITED,Utilities,4.48,0.01 (0.22%),$4.47 - $4.65,5105.0,42508.0,4.6,$4.48 - $4.65,$4.47,6:58pm 03/11 (AEDT),-0.88%,-4.88%,-10.76%,+1.13%,-15.74%,-0.63%,5673358069.0,"89 of 2,408",6 of 28,1266374569.0,Utilities,SKI / AGL / MCY,0.197,0.1601,2.286,2 Buy · 3 Hold · 6 Sell,Sell,01/10/23,22.741
252,APA,APA GROUP,Utilities,8.37,0.15 (1.83%),$8.34 - $8.38,1685501.0,2781470.0,8.39,$8.30 - $8.40,$8.22,6:58pm 03/11 (AEDT),+2.57%,+0.12%,-22.21%,-19.36%,-36.24%,-21.12%,10738357949.0,"46 of 2,408",2 of 28,1282957939.0,Utilities,AST / MCY / AGL,0.223,0.55,0.457,7 Buy · 7 Hold · 0 Sell,Buy,01/10/23,37.534
253,AGL,AGL ENERGY LIMITED.,Utilities,10.59,0.07 (0.67%),$10.57 - $10.62,1574975.0,1721986.0,10.62,$10.58 - $10.665,$10.52,6:58pm 03/11 (AEDT),-1.49%,-0.94%,+31.23%,+49.58%,+32.70%,+47.82%,7124393197.0,"73 of 2,408",5 of 28,672747233.0,Utilities,MCY / MEZ / SKI,-1.879,0.31,2.882,9 Buy · 5 Hold · 0 Sell,Buy,01/10/23,-5.636
254,MCY,MERCURY NZ LIMITED,Utilities,5.6,0.12 (2.19%),$5.30 - $5.60,874.0,6789.0,5.5,$5.40 - $5.60,$5.48,6:58pm 03/11 (AEDT),+1.82%,-3.28%,+8.95%,+9.37%,-7.50%,+7.62%,7790872538.0,"67 of 2,408",4 of 28,1391227239.0,Utilities,AGL / MEZ / AST,0.074,0.2011,3.386,1 Buy · 5 Hold · 5 Sell,Sell,01/10/23,75.676
255,CEN,CONTACT ENERGY LIMITED,Utilities,7.29,0.04 (0.55%),$7.08 - $7.70,3602.0,9956.0,7.27,$7.25 - $7.30,$7.25,6:58pm 03/11 (AEDT),+1.39%,-2.80%,+0.55%,+7.21%,-9.67%,+5.45%,1855642046.0,"194 of 2,408",10 of 28,254546234.0,Utilities,GNE / IFN / TLT,0.163,0.3167,3.014,7 Buy · 2 Hold · 0 Sell,Strong Buy,01/10/23,44.724
256,GNE,GENESIS ENERGY LIMITED,Utilities,2.17,0.02 (0.93%),$2.11 - $2.20,18082.0,20899.0,2.15,$2.15 - $2.20,$2.15,6:58pm 03/11 (AEDT),-2.25%,-4.41%,-10.70%,-17.18%,-34.05%,-18.93%,2331969410.0,"166 of 2,408",9 of 28,1074640281.0,Utilities,CEN / TLT / IFN,0.185,0.1642,1.966,5 Buy · 3 Hold · 1 Sell,Buy,01/10/23,11.73
257,D2O,DUXTON WATER LIMITED,Utilities,1.635,0.015 (0.93%),$1.635 - $1.67,38498.0,79426.0,1.64,$1.635 - $1.67,$1.62,6:58pm 03/11 (AEDT),-2.10%,-4.94%,+2.50%,+3.79%,-13.09%,+2.03%,249698145.0,"626 of 2,408",12 of 28,152720578.0,Utilities,GNX / LGI / EWC,0.0,0.069,0.0,nan,nan,nan,0.0
258,GNX,GENEX POWER LIMITED,Utilities,0.16,0.01 (6.67%),$0.155 - $0.16,1750005.0,372851.0,0.155,$0.1525 - $0.16,$0.15,6:58pm 03/11 (AEDT),+3.23%,+6.67%,+18.52%,-20.00%,-36.87%,-21.75%,221628342.0,"669 of 2,408",13 of 28,1385177140.0,Utilities,D2O / LGI / EWC,-0.001,0.0,0.143,5 Buy · 1 Hold · 0 Sell,Strong Buy,01/10/23,-160.0
259,LGI,LGI LIMITED,Utilities,2.07,0.07 (3.50%),$1.95 - $2.07,10829.0,22197.0,2.06,$2.05 - $2.07,$2.00,6:58pm 03/11 (AEDT),-1.43%,-2.36%,+15.00%,-0.48%,-17.35%,-2.24%,182768106.0,"723 of 2,408",14 of 28,88293771.0,Utilities,GNX / D2O / EWC,0.073,0.0231,0.52,0 Buy · 4 Hold · 4 Sell,Sell,01/10/23,28.356
